Barcode,keep
AAACCCAGTTGCTTGA-1,keep
AAACCCATCCAATGCA-1,keep
AAACGAACACCCAACG-1,keep
AAACGAACAGCTGTAT-1,keep
AAACGAATCCATTGCC-1,keep
AAACGAATCCCTAGGG-1,keep
AAACGAATCGCCATAA-1,keep
AAACGCTCAAGAATAC-1,keep
AAACGCTTCAACCTCC-1,keep
AAACGCTTCCGCGGAT-1,keep
AAAGAACGTAGGTTTC-1,keep
AAAGAACTCATGGAGG-1,keep
AAAGGATTCATTCATC-1,keep
AAAGGGCCACGTCTCT-1,keep
AAAGGGCTCTACTGCC-1,keep
AAAGTCCTCCGAGAAG-1,keep
AAAGTCCTCCGTGGGT-1,keep
AAAGTCCTCGCTGTCT-1,keep
AAAGTGAAGCTTACGT-1,keep
AAAGTGAGTACCATAC-1,keep
AAAGTGAGTATTGACC-1,keep
AAAGTGAGTTGCTAGT-1,keep
AAAGTGATCAAGAAAC-1,keep
AAAGTGATCTGGGCCA-1,keep
AAATGGAAGTGTACCT-1,keep
AAATGGATCAATCTCT-1,keep
AACAAAGGTATCCCTC-1,keep
AACAAAGGTTATGTCG-1,keep
AACAAAGTCATGCATG-1,keep
AACAAAGTCTCGTGAA-1,keep
AACAAAGTCTGGGTCG-1,keep
AACAACCCAAATCGTC-1,keep
AACAAGAAGCCGATCC-1,keep
AACACACCAAATGCTC-1,keep
AACACACCAATACGAA-1,keep
AACACACCACGGATCC-1,keep
AACACACCATCAGCGC-1,keep
AACACACGTAAGTTAG-1,keep
AACACACGTGTGATGG-1,keep
AACACACGTGTGTGGA-1,keep
AACAGGGCACCAGGTC-1,keep
AACAGGGCAGCGTAGA-1,keep
AACAGGGTCATGGGAG-1,keep
AACCAACAGAGTCAGC-1,keep
AACCAACGTACAGCGA-1,keep
AACCAACTCGCTTACC-1,keep
AACCAACTCTCATGCC-1,keep
AACCATGAGTGCTCGC-1,keep
AACCATGGTACAGAGC-1,keep
AACCATGGTACCTATG-1,keep
AACCATGGTCAGGTAG-1,keep
AACCCAAAGCTGTTCA-1,keep
AACCCAACAGCGGATA-1,keep
AACCCAAGTATAGGGC-1,keep
AACCTGAGTGGTATGG-1,keep
AACCTTTCACGTCTCT-1,keep
AACCTTTGTTGTTTGG-1,keep
AACGAAAAGCACTCTA-1,keep
AACGAAAAGCGCCATC-1,keep
AACGAAATCAGGACGA-1,keep
AACGAAATCGACACTA-1,keep
AACGGGAAGTCGAAGC-1,keep
AACGGGACAGATTAAG-1,keep
AACGGGAGTCTTCGAA-1,keep
AACGTCAGTAATGCTC-1,keep
AACGTCATCGTCGCTT-1,keep
AACTTCTAGACGAAGA-1,keep
AACTTCTAGCACTCCG-1,keep
AACTTCTAGTCACGAG-1,keep
AACTTCTCAAATCCCA-1,keep
AACTTCTCAACGTAAA-1,keep
AACTTCTCAATGGGTG-1,keep
AACTTCTCATAGATCC-1,keep
AACTTCTGTATTCTCT-1,keep
AAGAACAAGCAAATCA-1,keep
AAGAACATCGCTAATG-1,keep
AAGAACATCTTACGGA-1,keep
AAGACAACAGTCGCTG-1,keep
AAGACAACATCACCAA-1,keep
AAGACAAGTTCGGCCA-1,keep
AAGACTCCAAACCATC-1,keep
AAGACTCGTCCGACGT-1,keep
AAGACTCGTCGCTGCA-1,keep
AAGATAGTCGTCAGAT-1,keep
AAGCATCAGCACGGAT-1,keep
AAGCATCAGGTCGTCC-1,keep
AAGCATCGTTGCTCGG-1,keep
AAGCATCGTTGGGATG-1,keep
AAGCATCTCAGAGTTC-1,keep
AAGCGAGCACAAAGTA-1,keep
AAGCGAGTCCTCTCGA-1,keep
AAGCGAGTCCTGGCTT-1,keep
AAGCGTTCATCCCGTT-1,keep
AAGCGTTTCTAAACGC-1,keep
AAGCGTTTCTTGAGCA-1,keep
AAGGAATCACCTGCTT-1,keep
AAGGAATGTGCTGATT-1,keep
AAGGAATTCACTGGGC-1,keep
AAGTACCAGCCTCGTG-1,keep
AAGTACCCATGCACTA-1,keep
AAGTACCGTGTATACC-1,keep
AAGTACCTCCGTAGGC-1,keep
AAGTCGTAGGGTTAAT-1,keep
AAGTCGTCAGGTCAAG-1,keep
AAGTGAACACTTGACA-1,keep
AAGTTCGAGCAAACAT-1,keep
AAGTTCGGTCGACGCT-1,keep
AAGTTCGTCCCAGGCA-1,keep
AAGTTCGTCTATCACT-1,keep
AATAGAGAGTAACCTC-1,keep
AATAGAGGTTACCCTC-1,keep
AATAGAGGTTGGGAAC-1,keep
AATCACGAGTTGCGAG-1,keep
AATCACGCAATCCAGT-1,keep
AATCACGGTCAAGCCC-1,keep
AATCGACAGGAAACGA-1,keep
AATCGTGAGACTTAAG-1,keep
AATCGTGCACAGCCAC-1,keep
AATCGTGGTACTAACC-1,keep
AATGAAGCAATTTCGG-1,keep
AATGAAGCATCTCAAG-1,keep
AATGAAGTCACCATCC-1,keep
AATGACCGTCTCAAGT-1,keep
AATGACCTCAATCAGC-1,keep
AATGCCAAGGGCAACT-1,keep
AATGCCACAGAGATGC-1,keep
AATGCCATCATCGCAA-1,keep
AATGGAAAGCACACAG-1,keep
AATGGAAAGGATCATA-1,keep
AATGGAATCCATCACC-1,keep
AATGGCTGTACTCCCT-1,keep
AATGGCTGTGGCTCTG-1,keep
AATTCCTGTATGTGTC-1,keep
AATTTCCGTCTCACAA-1,keep
AATTTCCTCGGCATAT-1,keep
AATTTCCTCTTCGTAT-1,keep
ACAAAGAGTATGAAAC-1,keep
ACAACCAAGGTACCTT-1,keep
ACAACCACACGGAAGT-1,keep
ACAACCAGTGGCAACA-1,keep
ACAAGCTAGAGCAGAA-1,keep
ACAAGCTAGTAGGAAG-1,keep
ACAAGCTCACTATCGA-1,keep
ACAAGCTGTAGAAACT-1,keep
ACACAGTCAAGGCAAC-1,keep
ACACAGTCACCCAAGC-1,keep
ACACAGTGTAAGCAAT-1,keep
ACACAGTTCGCCCAGA-1,keep
ACACCAAAGCCGTTAT-1,keep
ACACCAAAGTCATGAA-1,keep
ACACCAACAAACACGG-1,keep
ACACCAATCCGAGAAG-1,keep
ACACGCGAGACGGTTG-1,keep
ACACGCGCAGAGGACT-1,keep
ACACTGAAGCCACAAG-1,keep
ACACTGAAGCTACGTT-1,keep
ACACTGACATAGGTAA-1,keep
ACACTGACATGACAAA-1,keep
ACACTGAGTTCTGACA-1,keep
ACACTGATCCTCTCTT-1,keep
ACAGAAAAGGTAGTAT-1,keep
ACAGAAAGTTCTATCT-1,keep
ACAGAAATCGCTGTTC-1,keep
ACAGCCGGTCGTATTG-1,keep
ACAGCCGTCTCAGTCC-1,keep
ACAGCCGTCTTCTAAC-1,keep
ACAGGGATCCTTATGT-1,keep
ACATCCCCACCGTCGA-1,keep
ACATCGAAGTTGAAAC-1,keep
ACATCGACATTCAGCA-1,keep
ACATCGAGTGGATGAC-1,keep
ACATCGATCGGCTTGG-1,keep
ACATGCACATGAGATA-1,keep
ACATTTCCATATCTGG-1,keep
ACATTTCCATTCGGGC-1,keep
ACCAAACTCAAAGGTA-1,keep
ACCAAACTCTGACCCT-1,keep
ACCAACAGTTACCTGA-1,keep
ACCACAAGTCTAACGT-1,keep
ACCATTTCAAAGCACG-1,keep
ACCATTTCAGAGGCAT-1,keep
ACCCAAACACTCCGGA-1,keep
ACCCAAACAGGCCTGT-1,keep
ACCCAAATCGTGCTCT-1,keep
ACCCTCAGTCAAAGTA-1,keep
ACCCTCAGTGAGACGT-1,keep
ACCCTCATCAACGTGT-1,keep
ACCCTTGCAACTGATC-1,keep
ACCCTTGTCAGCGCAC-1,keep
ACCCTTGTCGCGTCGA-1,keep
ACCGTTCAGCTAATGA-1,keep
ACCGTTCGTAACGGTG-1,keep
ACCTACCCACCCTTAC-1,keep
ACCTACCGTGCCGGTT-1,keep
ACCTACCTCAGCGCGT-1,keep
ACCTGAAAGCATGTTC-1,keep
ACCTGAACACCGGCTA-1,keep
ACCTGAACAGAATTCC-1,keep
ACCTGAAGTCCGAAGA-1,keep
ACCTGAAGTTCTCGCT-1,keep
ACCTGAAGTTTGGGTT-1,keep
ACCTGAATCTGCCTCA-1,keep
ACGATCACACTCCCTA-1,keep
ACGATGTAGACTTGTC-1,keep
ACGCACGAGATACGAT-1,keep
ACGCACGAGGAGAATG-1,keep
ACGGAAGCAGCGTACC-1,keep
ACGGAAGGTACACTCA-1,keep
ACGGGTCCATGCCGGT-1,keep
ACGGGTCGTGACAGGT-1,keep
ACGGGTCTCGGTTAGT-1,keep
ACGGGTCTCGTTGTAG-1,keep
ACGGTCGAGACTCCGC-1,keep
ACGGTCGGTCGTTGGC-1,keep
ACGGTCGGTGACCGTC-1,keep
ACGGTCGTCCGTCAAA-1,keep
ACGGTCGTCTCGCCTA-1,keep
ACGGTTAAGGGATCTG-1,keep
ACGTAACAGGGCTAAC-1,keep
ACGTACAAGAATTGCA-1,keep
ACGTACACAATTGCTG-1,keep
ACGTAGTAGGCACAAC-1,keep
ACGTAGTAGGGAGGCA-1,keep
ACGTAGTCAACACAAA-1,keep
ACGTAGTGTATAGGGC-1,keep
ACGTCCTCAGTCGCAC-1,keep
ACGTTCCTCCAACCAA-1,keep
ACTACGAGTGAGTAAT-1,keep
ACTATCTCATAACTCG-1,keep
ACTATGGTCAAATGAG-1,keep
ACTATGGTCGCTGACG-1,keep
ACTATTCAGAAACCAT-1,keep
ACTCCCAAGCGTTGTT-1,keep
ACTCCCACAGTGTATC-1,keep
ACTCCCATCACGATAC-1,keep
ACTCTCGAGCAAATGT-1,keep
ACTCTCGAGTGCGTCC-1,keep
ACTGATGAGATTGACA-1,keep
ACTGATGTCCATTCAT-1,keep
ACTGCAACACTATCCC-1,keep
ACTGCAACAGATCCAT-1,keep
ACTGCAACATACCATG-1,keep
ACTGCAAGTCTTTATC-1,keep
ACTGCAAGTTGGCTAT-1,keep
ACTGCAATCCGTGTAA-1,keep
ACTGTCCGTGACTATC-1,keep
ACTGTCCGTGGACCAA-1,keep
ACTGTCCGTTCCACAA-1,keep
ACTGTGAAGTGATAGT-1,keep
ACTGTGAGTCCTGTCT-1,keep
ACTTAGGGTTTACGAC-1,keep
ACTTATCAGATAGTGT-1,keep
ACTTATCCATTGAGGG-1,keep
ACTTATCGTAGTTCCA-1,keep
ACTTATCGTCAAGTTC-1,keep
ACTTATCGTGTTAACC-1,keep
ACTTATCGTTCAAGGG-1,keep
ACTTATCTCGACGACC-1,keep
ACTTATCTCGCCAGTG-1,keep
ACTTCCGCAGACCTAT-1,keep
ACTTCCGGTACATTGC-1,keep
ACTTCCGGTGGATGAC-1,keep
ACTTCGCCAGCGTAGA-1,keep
ACTTCGCCATCGATCA-1,keep
ACTTCGCCATGTGCTA-1,keep
ACTTTCACATGGTGGA-1,keep
ACTTTCATCCAACTAG-1,keep
ACTTTCATCTGAGCAT-1,keep
ACTTTGTCAGAACTCT-1,keep
AGAAATGCAATACGAA-1,keep
AGAAATGCACCTTCCA-1,keep
AGAAATGGTTGCTTGA-1,keep
AGAAATGTCCGTGTAA-1,keep
AGAACAAAGACCAGAC-1,keep
AGAACAAAGCATCTTG-1,keep
AGAACAACAGAACATA-1,keep
AGAACAAGTTAAGGGC-1,keep
AGAACAATCCGTGACG-1,keep
AGAACCTAGATGCCGA-1,keep
AGAACCTGTACACTCA-1,keep
AGAACCTGTGGCAACA-1,keep
AGAACCTTCAAGTTGC-1,keep
AGAACCTTCGGACAAG-1,keep
AGAACCTTCGGCCTTT-1,keep
AGAAGCGAGGCATGCA-1,keep
AGAAGCGCAAGGAGTC-1,keep
AGAAGCGGTCAAGCCC-1,keep
AGAAGCGGTTGTGCCG-1,keep
AGAAGCGTCCCAACTC-1,keep
AGAAGCGTCGCGTTTC-1,keep
AGAAGTAAGACTACGG-1,keep
AGAAGTACACAGTGAG-1,keep
AGAAGTAGTCACATTG-1,keep
AGAAGTATCGACGACC-1,keep
AGACAAAAGTTGGAGC-1,keep
AGACAAACACGGCGTT-1,keep
AGACAAAGTGAATAAC-1,keep
AGACAAATCCCTATTA-1,keep
AGACACTCAATGAACA-1,keep
AGACACTCAATGCAAA-1,keep
AGACACTGTCTTGTCC-1,keep
AGACACTGTTGTGCAT-1,keep
AGACAGGAGACCATAA-1,keep
AGACAGGAGGCACTCC-1,keep
AGACAGGCACTTGAGT-1,keep
AGACAGGGTTACCCTC-1,keep
AGACCATCACTGCGTG-1,keep
AGACCATTCGTAACTG-1,keep
AGACCATTCTGTGCAA-1,keep
AGACCCGCAACTGCTA-1,keep
AGACCCGCACTCCTGT-1,keep
AGACCCGCACTGGCGT-1,keep
AGACCCGGTGAGTGAC-1,keep
AGACCCGTCGCTGTTC-1,keep
AGACTCACATGAAGCG-1,keep
AGACTCAGTGACAACG-1,keep
AGACTCAGTTTCCAAG-1,keep
AGACTCATCCCTCAGC-1,keep
AGACTCATCCTTCAGC-1,keep
AGAGAATCAACTGATC-1,keep
AGAGAATGTAAGATTG-1,keep
AGAGAATTCGATGCAT-1,keep
AGAGAATTCGCTAAAC-1,keep
AGAGAGCTCGGACTTA-1,keep
AGAGAGCTCTGAGGTT-1,keep
AGAGCCCGTACCCAGC-1,keep
AGAGCCCGTAGGACCA-1,keep
AGATAGAAGCCTTTCC-1,keep
AGATAGATCAGAGTTC-1,keep
AGATAGATCAGCGGAA-1,keep
AGATAGATCTGAGGTT-1,keep
AGATAGATCTTTGCAT-1,keep
AGATCCACAAGCGGAT-1,keep
AGATCCAGTAGGTGCA-1,keep
AGATCGTAGCACTCCG-1,keep
AGATCGTGTGACTCTA-1,keep
AGATGAAAGAATCGCG-1,keep
AGATGAAGTGCCTATA-1,keep
AGATGAAGTGGATCAG-1,keep
AGATGAAGTGTAGCAG-1,keep
AGATGCTGTCGAGCTC-1,keep
AGATGCTGTTCGATTG-1,keep
AGATGCTTCCAGTGTA-1,keep
AGCATCAGTCTACAGT-1,keep
AGCATCATCACCTTGC-1,keep
AGCATCATCTAAGAAG-1,keep
AGCCAATAGAGACAAG-1,keep
AGCCAATAGCTTACGT-1,keep
AGCCAATTCCCGTGTT-1,keep
AGCCAATTCGGCATCG-1,keep
AGCCACGCAGCCCACA-1,keep
AGCCAGCGTCAAGGCA-1,keep
AGCCAGCTCACCTTAT-1,keep
AGCCAGCTCCATACTT-1,keep
AGCCAGCTCTCTATGT-1,keep
AGCGCTGAGCCAGTAG-1,keep
AGCGCTGCACCGGTCA-1,keep
AGCGCTGCATGACGAG-1,keep
AGCGTATAGGCATCAG-1,keep
AGCGTATCAAGGATGC-1,keep
AGCGTATCACCTGCAG-1,keep
AGCGTATGTTCTCGTC-1,keep
AGCGTATTCGGAAGGT-1,keep
AGCGTATTCGGACTTA-1,keep
AGCGTCGAGCCTTTCC-1,keep
AGCGTCGCATAGCTGT-1,keep
AGCGTCGGTTCAGCGC-1,keep
AGCGTCGTCAGCGCGT-1,keep
AGCGTCGTCCCATACC-1,keep
AGCTACAAGAGCCTGA-1,keep
AGCTACACATGGTACT-1,keep
AGCTCAACAGGTGACA-1,keep
AGCTTCCAGGCATCGA-1,keep
AGCTTCCAGGGTAATT-1,keep
AGCTTCCAGTAGGCCA-1,keep
AGCTTCCAGTAGGGTC-1,keep
AGCTTCCTCGGTGTTA-1,keep
AGGAAATAGCCACTCG-1,keep
AGGAAATAGCTCGAAG-1,keep
AGGAAATAGTGGTGAC-1,keep
AGGAAATCACACACTA-1,keep
AGGAAATTCGGTCACG-1,keep
AGGAATACAAGGTTGG-1,keep
AGGAATATCAGTCTTT-1,keep
AGGACGACATCGATAC-1,keep
AGGACGAGTCGACGCT-1,keep
AGGACGATCCATTGTT-1,keep
AGGACTTGTACGGGAT-1,keep
AGGACTTTCAAACTGC-1,keep
AGGACTTTCCACGGGT-1,keep
AGGACTTTCGCACTCT-1,keep
AGGACTTTCTCGGTCT-1,keep
AGGAGGTTCTTCGGTC-1,keep
AGGATAACATATAGCC-1,keep
AGGATAAGTGAAGCTG-1,keep
AGGATAAGTGCATCTA-1,keep
AGGATAAGTTTAAGGA-1,keep
AGGATAATCATCGACA-1,keep
AGGATCTGTAGGTCAG-1,keep
AGGATCTGTCCTCATC-1,keep
AGGATCTTCGCACGGT-1,keep
AGGCATTAGTTCATCG-1,keep
AGGCATTCACGCGTCA-1,keep
AGGCATTCAGAGGAAA-1,keep
AGGCATTCATGTACGT-1,keep
AGGCATTGTAGCGAGT-1,keep
AGGCATTTCCGCGATG-1,keep
AGGCATTTCTCACGAA-1,keep
AGGCCACTCAAGCCTA-1,keep
AGGCCACTCATCTATC-1,keep
AGGCCACTCCGGTAAT-1,keep
AGGCCACTCTTTCTAG-1,keep
AGGCTGCCAAATAAGC-1,keep
AGGCTGCGTCCACACG-1,keep
AGGCTGCTCCGACATA-1,keep
AGGCTGCTCGACGTCG-1,keep
AGGGAGTAGGTATTGA-1,keep
AGGGAGTCAGGTGTTT-1,keep
AGGGAGTTCTAACACG-1,keep
AGGGCCTCACGACGTC-1,keep
AGGGCTCAGGACCCAA-1,keep
AGGGCTCAGTCCGCGT-1,keep
AGGGCTCGTTTGCAGT-1,keep
AGGGCTCTCTCCCATG-1,keep
AGGGTCCAGATGCCGA-1,keep
AGGGTCCTCCAATCTT-1,keep
AGGGTGACACACAGCC-1,keep
AGGGTGACACTGCGTG-1,keep
AGGGTTTAGCAATAGT-1,keep
AGGGTTTAGCGTACAG-1,keep
AGGGTTTAGCTCGCAC-1,keep
AGGGTTTAGGCACTCC-1,keep
AGGGTTTCACGGATCC-1,keep
AGGGTTTCATTCGATG-1,keep
AGGGTTTGTACGATCT-1,keep
AGGGTTTGTATCGCAT-1,keep
AGGGTTTGTGTTGAGG-1,keep
AGGGTTTTCCAGCTCT-1,keep
AGGTAGGGTAATCAGA-1,keep
AGGTAGGGTACGAGTG-1,keep
AGGTAGGGTATCGCAT-1,keep
AGGTAGGGTCGCACAC-1,keep
AGGTAGGTCGAACGGA-1,keep
AGGTCATGTACCGGCT-1,keep
AGGTCATTCCGAACGC-1,keep
AGGTCATTCCGACAGC-1,keep
AGGTCTAAGAGCCGTA-1,keep
AGGTCTATCAGCCTCT-1,keep
AGGTGTTCACCACTGG-1,keep
AGGTTACCACACAGAG-1,keep
AGGTTACCACTAGTAC-1,keep
AGGTTACGTCGTCGGT-1,keep
AGGTTGTAGAAGTCCG-1,keep
AGGTTGTAGCAGATAT-1,keep
AGTAACCAGGTGCCAA-1,keep
AGTAACCCAAACTGCT-1,keep
AGTAACCCATAGGCGA-1,keep
AGTAACCTCTCCTGAC-1,keep
AGTACCAAGGGAGTGG-1,keep
AGTACCACACATACTG-1,keep
AGTACCACATTGAAAG-1,keep
AGTACCATCTGCCTCA-1,keep
AGTACTGAGACTACGG-1,keep
AGTACTGAGTCATACC-1,keep
AGTACTGAGTGAGCCA-1,keep
AGTACTGCAAGCCATT-1,keep
AGTACTGCACCTATCC-1,keep
AGTACTGGTATATGGA-1,keep
AGTACTGTCGTGGTAT-1,keep
AGTAGCTCACTAACCA-1,keep
AGTAGCTCAGTCACGC-1,keep
AGTAGCTTCAAGGACG-1,keep
AGTAGCTTCAATCCAG-1,keep
AGTAGTCAGCCTATCA-1,keep
AGTAGTCTCTGATTCT-1,keep
AGTCAACTCTGGAGAG-1,keep
AGTCACAAGTCTAACC-1,keep
AGTCACAAGTTCCAGT-1,keep
AGTCACACAACGATTC-1,keep
AGTCACAGTGGAAATT-1,keep
AGTCACATCTGGACCG-1,keep
AGTCATGGTTACAGCT-1,keep
AGTCATGTCGGCTGTG-1,keep
AGTCTCCAGGGAGGTG-1,keep
AGTCTCCGTATGGAAT-1,keep
AGTCTCCGTGGGCTTC-1,keep
AGTCTCCGTTCTCCTG-1,keep
AGTCTCCTCACAAGAA-1,keep
AGTCTCCTCTGATTCT-1,keep
AGTCTCCTCTTGCAAG-1,keep
AGTGACTAGAGCACTG-1,keep
AGTGACTTCATGAGTC-1,keep
AGTGATCAGACTAGAT-1,keep
AGTGATCAGTACTGTC-1,keep
AGTGATCCACGTAACT-1,keep
AGTGATCCATGAAGGC-1,keep
AGTGATCTCTTGTTAC-1,keep
AGTGCCGAGAAACCCG-1,keep
AGTGCCGCAGGACAGT-1,keep
AGTGCCGTCCATTTCA-1,keep
AGTGCCGTCCCAGGCA-1,keep
AGTGCCGTCCGCATAA-1,keep
AGTTAGCCAGTATGAA-1,keep
AGTTAGCGTTAGCTAC-1,keep
AGTTCCCCATCCGGCA-1,keep
AGTTCCCGTCATTCCC-1,keep
AGTTCCCGTCGTGGAA-1,keep
AGTTCCCGTGCATTTG-1,keep
AGTTCGACAAGTAGTA-1,keep
AGTTCGACACAAGGTG-1,keep
AGTTCGAGTCAATCTG-1,keep
AGTTCGAGTTTCGGCG-1,keep
ATACCGAAGGGATCGT-1,keep
ATACCGAAGTCATCGT-1,keep
ATACCGACAAGTCCAT-1,keep
ATACCGACACAATCTG-1,keep
ATACCGACATGACCCG-1,keep
ATACCTTCAGGATTCT-1,keep
ATACCTTCATGGCGCT-1,keep
ATACCTTGTCTCTCTG-1,keep
ATACTTCGTGCAGGAT-1,keep
ATACTTCTCGCATAGT-1,keep
ATAGACCCACTGGATT-1,keep
ATAGACCCAGTGCGCT-1,keep
ATAGACCGTGTAGTGG-1,keep
ATAGACCTCCCGAAAT-1,keep
ATAGACCTCGATTGGT-1,keep
ATAGAGACATCCGAGC-1,keep
ATAGAGATCACGATAC-1,keep
ATAGAGATCCAGCACG-1,keep
ATAGGCTAGGGCGAAG-1,keep
ATAGGCTAGTCGTCTA-1,keep
ATAGGCTCAGAGGTTG-1,keep
ATATCCTAGATTGTGA-1,keep
ATATCCTGTAGTGATA-1,keep
ATCACAGCAACCAGAG-1,keep
ATCACAGCATTGTACG-1,keep
ATCACAGGTGGACCTC-1,keep
ATCACGAAGAGAACCC-1,keep
ATCACGACACACGGAA-1,keep
ATCACTTAGCACCAGA-1,keep
ATCACTTAGCGAGTAC-1,keep
ATCACTTCAATCTAGC-1,keep
ATCACTTTCGGATTAC-1,keep
ATCACTTTCTCGACGG-1,keep
ATCACTTTCTCTAGGA-1,keep
ATCAGGTCAGGCTACC-1,keep
ATCAGGTTCGTTCGCT-1,keep
ATCATTCCAGATAAAC-1,keep
ATCATTCGTTAGTTCG-1,keep
ATCATTCTCAAGTAAG-1,keep
ATCATTCTCTGCTCTG-1,keep
ATCCACCAGTAGTCTC-1,keep
ATCCACCCAACCAATC-1,keep
ATCCACCGTGATCGTT-1,keep
ATCCACCTCAATCTTC-1,keep
ATCCATTTCGTCAGAT-1,keep
ATCCCTGAGCGATGGT-1,keep
ATCCCTGCAACCCTCT-1,keep
ATCCCTGGTGAGACGT-1,keep
ATCCGTCAGCCATTCA-1,keep
ATCCGTCGTTAAGTCC-1,keep
ATCCGTCGTTTCACTT-1,keep
ATCCTATAGTATGTAG-1,keep
ATCCTATAGTGCAGGT-1,keep
ATCCTATGTCCTCCTA-1,keep
ATCCTATGTGTATCCA-1,keep
ATCCTATGTTGGCCGT-1,keep
ATCGATGAGAAATCCA-1,keep
ATCGATGAGTATAGAC-1,keep
ATCGATGGTCGTATGT-1,keep
ATCGATGTCGTTGTGA-1,keep
ATCGCCTAGGACATCG-1,keep
ATCGCCTGTTCTCGTC-1,keep
ATCGGATAGGGACTGT-1,keep
ATCGGATCACGACAGA-1,keep
ATCGGATCATTCTCCG-1,keep
ATCGGATGTCACTCAA-1,keep
ATCGGATTCGGAGTAG-1,keep
ATCGGATTCGTACCTC-1,keep
ATCGGCGCAGAATTCC-1,keep
ATCGGCGTCGGTCAGC-1,keep
ATCGTAGAGCCTGGAA-1,keep
ATCGTAGTCCCAGGAC-1,keep
ATCGTAGTCGAGAACG-1,keep
ATCGTAGTCTTGGATG-1,keep
ATCGTCCGTACAGCGA-1,keep
ATCGTCCGTATGTCTG-1,keep
ATCGTCCTCAAGCGTT-1,keep
ATCGTCCTCGTTCATT-1,keep
ATCTCTAGTTAGGAGC-1,keep
ATCTTCACATCAGCTA-1,keep
ATCTTCATCAACTGAC-1,keep
ATCTTCATCCTATTTG-1,keep
ATGAAAGAGTAGACCG-1,keep
ATGAAAGCACTAACCA-1,keep
ATGAAAGGTCCAGCAC-1,keep
ATGAAAGTCAGAATAG-1,keep
ATGACCACATAGTCAC-1,keep
ATGACCAGTGGTGATG-1,keep
ATGACCAGTTGCTGAT-1,keep
ATGAGGGAGCCGGATA-1,keep
ATGAGGGAGTTGTAGA-1,keep
ATGAGGGTCGGCTCTT-1,keep
ATGAGTCAGGCCTTCG-1,keep
ATGAGTCCAAGACGAC-1,keep
ATGAGTCCAAGTGCTT-1,keep
ATGATCGAGTCAACAA-1,keep
ATGATCGGTCAAGCGA-1,keep
ATGATCGGTTGGACCC-1,keep
ATGATCGTCAACTGAC-1,keep
ATGATCGTCGAGCACC-1,keep
ATGATCGTCGAGCCTG-1,keep
ATGATCGTCGTGCGAC-1,keep
ATGCATGTCCTTCGAC-1,keep
ATGCATGTCGGCACTG-1,keep
ATGCATGTCTCGACGG-1,keep
ATGCCTCCAATTGTGC-1,keep
ATGCCTCCATCAGCAT-1,keep
ATGCCTCGTGGCATCC-1,keep
ATGCCTCTCATGCCGG-1,keep
ATGCGATCAACCTATG-1,keep
ATGCGATTCACTTATC-1,keep
ATGGAGGAGATACAGT-1,keep
ATGGAGGCATGCGTGC-1,keep
ATGGAGGGTGGGAGAG-1,keep
ATGGAGGGTTGGTGTT-1,keep
ATGGATCAGCTAGAGC-1,keep
ATGGATCAGGACGCTA-1,keep
ATGGATCCAAAGGCGT-1,keep
ATGGATCCATCGTGGC-1,keep
ATGGGAGAGCATCTTG-1,keep
ATGGGAGAGCGGCTCT-1,keep
ATGGGAGAGTGCACTT-1,keep
ATGGGAGGTGCATTAC-1,keep
ATGGGAGTCAAAGAAC-1,keep
ATGGGAGTCAGCAATC-1,keep
ATGGGAGTCCTTCTGG-1,keep
ATGGGAGTCGCTAAAT-1,keep
ATGGGAGTCGCTAATG-1,keep
ATGGGTTCAATCGCAT-1,keep
ATGGTTGGTACAAACA-1,keep
ATGGTTGGTCAAATCC-1,keep
ATGGTTGGTGCTGTCG-1,keep
ATGTCCCAGAAACCAT-1,keep
ATGTCCCCACAGTACT-1,keep
ATGTCCCCACGCGTGT-1,keep
ATGTCCCGTTGGGACA-1,keep
ATGTCTTTCATGCGGC-1,keep
ATGTCTTTCGTAGCCG-1,keep
ATGTCTTTCTGACAGT-1,keep
ATTACCTCAGCATTGT-1,keep
ATTACCTGTAATCAAG-1,keep
ATTACCTGTGCAACAG-1,keep
ATTACTCAGTTGTCAC-1,keep
ATTACTCGTCATGCAT-1,keep
ATTACTCGTCCTTAAG-1,keep
ATTACTCGTGGGTCAA-1,keep
ATTATCCAGATTGCGG-1,keep
ATTATCCAGGGTGAGG-1,keep
ATTATCCAGTAAGAGG-1,keep
ATTATCCGTAGGTCAG-1,keep
ATTATCCGTGCGTTTA-1,keep
ATTCACTAGATAACGT-1,keep
ATTCACTAGCTGTCCG-1,keep
ATTCACTGTATCCCTC-1,keep
ATTCACTTCCGTTGGG-1,keep
ATTCAGGCACTGCATA-1,keep
ATTCAGGCAGGGACTA-1,keep
ATTCAGGGTCCCGGTA-1,keep
ATTCAGGGTTCACCGG-1,keep
ATTCAGGGTTTGGAGG-1,keep
ATTCATCCAGGATGAC-1,keep
ATTCATCTCATTGCTT-1,keep
ATTCATCTCCGAAATC-1,keep
ATTCCATAGAAACACT-1,keep
ATTCCATAGTTGGACG-1,keep
ATTCCATCATTACGGT-1,keep
ATTCCATGTCGCGTTG-1,keep
ATTCCCGAGGATTCAA-1,keep
ATTCCCGCACCCTATC-1,keep
ATTCCCGTCTCATTGT-1,keep
ATTCCTACACAGTGTT-1,keep
ATTCCTAGTGTTAGCT-1,keep
ATTCCTAGTTGCAAGG-1,keep
ATTCCTATCGGAAGGT-1,keep
ATTCGTTAGAAATTGC-1,keep
ATTCGTTAGCTTCTAG-1,keep
ATTCGTTAGTGGAATT-1,keep
ATTCGTTGTTCCAAAC-1,keep
ATTCGTTTCAAGCCGC-1,keep
ATTCTACAGACGTCGA-1,keep
ATTCTACCAGAGTTGG-1,keep
ATTCTACGTATTGGCT-1,keep
ATTCTACTCTTACCAT-1,keep
ATTCTTGTCCACGTGG-1,keep
ATTGGGTAGCATGCAG-1,keep
ATTGGGTCAGTTAGGG-1,keep
ATTGGGTCATTGAAGA-1,keep
ATTGGGTTCTTGTGCC-1,keep
ATTGTTCCACAACGCC-1,keep
ATTGTTCCACCAGCGT-1,keep
ATTGTTCCATGTTTGG-1,keep
ATTGTTCTCCATGCAA-1,keep
ATTTACCCAACGGCCT-1,keep
ATTTCACAGGCAGCTA-1,keep
ATTTCACAGGCGACAT-1,keep
ATTTCACTCGTAGGGA-1,keep
ATTTCTGAGCATCAAA-1,keep
ATTTCTGCATTGCTTT-1,keep
ATTTCTGGTCCCGCAA-1,keep
ATTTCTGTCACTTATC-1,keep
CAAAGAAAGGATTCCT-1,keep
CAAAGAAAGTGAATAC-1,keep
CAAAGAACAATGTTGC-1,keep
CAAAGAAGTACGTAGG-1,keep
CAAAGAAGTCGAATTC-1,keep
CAACAACAGGACTATA-1,keep
CAACAACCATACCATG-1,keep
CAACAACGTACCTGTA-1,keep
CAACAACTCTCTCTAA-1,keep
CAACAGTCAAACCATC-1,keep
CAACAGTTCAGGACGA-1,keep
CAACAGTTCGTGGGTC-1,keep
CAACCAAAGTAGCTCT-1,keep
CAACCAACAATCTCGA-1,keep
CAACCAAGTCCTGGGT-1,keep
CAACCAATCAAGGAGC-1,keep
CAACCAATCGGTGTAT-1,keep
CAACCAATCTACACAG-1,keep
CAACGATAGACGGATC-1,keep
CAACGATAGGTGATAT-1,keep
CAACGATCAGAGATTA-1,keep
CAACGATGTCGCCTAG-1,keep
CAACGATGTTTGATCG-1,keep
CAACGGCAGTATGATG-1,keep
CAACGGCCACAGTCCG-1,keep
CAACGGCCACTGATTG-1,keep
CAACGGCCATTCAGGT-1,keep
CAACGGCGTAAGATTG-1,keep
CAACGGCGTTGATGTC-1,keep
CAAGAGGCAAATGGTA-1,keep
CAAGAGGCAAGTGACG-1,keep
CAAGAGGCACAGTACT-1,keep
CAAGAGGTCAACCTTT-1,keep
CAAGCTAAGCGGATCA-1,keep
CAAGCTAAGGCTCTAT-1,keep
CAAGCTAGTGCCTACG-1,keep
CAAGCTATCCAGCCTT-1,keep
CAAGCTATCTCGCTCA-1,keep
CAAGGGAAGGAACGAA-1,keep
CAAGGGACATGACACT-1,keep
CAAGGGACATTCCTCG-1,keep
CAAGGGATCCTGGCTT-1,keep
CAAGGGATCTCGCGTT-1,keep
CAAGGGATCTTCACGC-1,keep
CAATACGAGATAGCAT-1,keep
CAATACGCAGACCAAG-1,keep
CAATACGGTATGTCTG-1,keep
CAATCGATCGTAACTG-1,keep
CAATGACAGCTCGACC-1,keep
CAATGACAGTACAGAT-1,keep
CAATGACGTATGGGAC-1,keep
CAATGACTCGCTATTT-1,keep
CAATTTCCAACACACT-1,keep
CAATTTCCACATTCTT-1,keep
CAATTTCTCAAATAGG-1,keep
CACAACAAGAACAAGG-1,keep
CACAACAAGCGCCTCA-1,keep
CACAACAAGTGAATAC-1,keep
CACAACACAGGACTAG-1,keep
CACAACATCACTCGAA-1,keep
CACACAAAGGCCTGCT-1,keep
CACACAAGTGATTCTG-1,keep
CACAGATAGTCGGGAT-1,keep
CACAGATTCATGGTAC-1,keep
CACAGATTCCTCTAAT-1,keep
CACAGGCAGATGGCGT-1,keep
CACAGGCAGTCCCAGC-1,keep
CACAGGCCAACGGTAG-1,keep
CACAGGCCACGCGTCA-1,keep
CACAGGCGTGAGACGT-1,keep
CACAGGCGTTTGGAAA-1,keep
CACAGGCGTTTGGGAG-1,keep
CACAGGCTCCACTAGA-1,keep
CACATGAGTATGGTTC-1,keep
CACATGAGTGTACGCC-1,keep
CACATGATCAATCCGA-1,keep
CACCAAACAGTTAGGG-1,keep
CACCAAAGTACTAACC-1,keep
CACCAAAGTCACTGAT-1,keep
CACCAAAGTCCAGCGT-1,keep
CACCAAATCGCGTTTC-1,keep
CACCAAATCTACACTT-1,keep
CACCAAATCTACTGAG-1,keep
CACCGTTGTCCTATAG-1,keep
CACGAATAGCTGAAAT-1,keep
CACGAATAGGTTGCCC-1,keep
CACGAATGTGACGCCT-1,keep
CACGGGTTCCCGTAAA-1,keep
CACGGGTTCCTGATAG-1,keep
CACGGGTTCTCAACGA-1,keep
CACGTGGAGAGTACCG-1,keep
CACGTGGAGCCATTGT-1,keep
CACGTGGAGCTGACTT-1,keep
CACGTTCAGCACCGAA-1,keep
CACGTTCAGGTCACAG-1,keep
CACGTTCCAACTCGTA-1,keep
CACGTTCGTTGCGGCT-1,keep
CACGTTCTCCATAAGC-1,keep
CACGTTCTCTCTGGTC-1,keep
CACTAAGAGGCCTGCT-1,keep
CACTAAGAGTGCCAGA-1,keep
CACTAAGGTTACCGTA-1,keep
CACTAAGGTTCGTACA-1,keep
CACTGAAAGACTACCT-1,keep
CACTGAACATAGTCAC-1,keep
CACTGAACATTCACCC-1,keep
CACTGAAGTAGGCAGT-1,keep
CACTGAAGTGGCGTAA-1,keep
CACTGGGCACAATGTC-1,keep
CACTGTCAGCGACTAG-1,keep
CACTGTCAGGACAGCT-1,keep
CACTGTCCAGAGGTTG-1,keep
CACTGTCTCAACTCTT-1,keep
CACTTCGAGCTATCCA-1,keep
CACTTCGAGGTGCATG-1,keep
CACTTCGTCTCGGGAC-1,keep
CACTTCGTCTTGGCTC-1,keep
CAGAGCCCAATAGTAG-1,keep
CAGAGCCCAGAACCGA-1,keep
CAGAGCCGTGAATGTA-1,keep
CAGATACCAAATAGCA-1,keep
CAGATACCAGTTGGTT-1,keep
CAGATACCATGACGGA-1,keep
CAGATCAAGGCACAAC-1,keep
CAGATCATCTAGTGAC-1,keep
CAGATTGAGATCGCTT-1,keep
CAGCAATAGCTCTATG-1,keep
CAGCAATCAACCTATG-1,keep
CAGCAATGTTTCCATT-1,keep
CAGCACGAGAACGTGC-1,keep
CAGCACGAGCCGTTGC-1,keep
CAGCACGAGCGGGTAT-1,keep
CAGCACGCAAACTAAG-1,keep
CAGCACGGTAGTCTTG-1,keep
CAGCACGGTGCCTACG-1,keep
CAGCACGGTGGTCTTA-1,keep
CAGCAGCAGCGATGCA-1,keep
CAGCAGCTCTAGTCAG-1,keep
CAGCCAGAGACCATTC-1,keep
CAGCCAGCACCAATTG-1,keep
CAGCGTGAGAGTAACT-1,keep
CAGCGTGCACGTACTA-1,keep
CAGGCCAAGTATGACA-1,keep
CAGGCCATCCCAATAG-1,keep
CAGGCCATCGTGAGAG-1,keep
CAGGGCTGTTCATCTT-1,keep
CAGGGCTTCAGTCCGG-1,keep
CAGGGCTTCGATCCCT-1,keep
CAGGTATAGGACTAAT-1,keep
CAGGTATCAATACGAA-1,keep
CAGGTATGTTGGGTTT-1,keep
CAGGTATTCCCTGTTG-1,keep
CAGGTATTCTTCCGTG-1,keep
CAGTGCGAGGATCATA-1,keep
CAGTGCGAGTACAACA-1,keep
CAGTGCGCAAGTGGTG-1,keep
CAGTGCGCACAGCCTG-1,keep
CAGTGCGGTAAGGCTG-1,keep
CAGTTAGAGTCCCGAC-1,keep
CAGTTCCCATAGCTGT-1,keep
CAGTTCCGTAAGAACT-1,keep
CAGTTCCTCCTTACCG-1,keep
CAGTTCCTCGTAGCTA-1,keep
CATAAGCAGCTTAAGA-1,keep
CATAAGCCAAGTGGTG-1,keep
CATAAGCGTCAGCTTA-1,keep
CATAAGCTCTAGAGCT-1,keep
CATACAGAGGAAGTGA-1,keep
CATACAGGTGGGTTGA-1,keep
CATACAGGTTGACTGT-1,keep
CATACAGTCCTGCCAT-1,keep
CATACCCAGTACAGAT-1,keep
CATACCCCAGTTTCGA-1,keep
CATACCCGTTTGGCTA-1,keep
CATACCCTCATGGCCG-1,keep
CATACCCTCTGTTGGA-1,keep
CATACTTCAGCGTGCT-1,keep
CATACTTGTCATCCCT-1,keep
CATACTTTCATCCCGT-1,keep
CATACTTTCCTGTTAT-1,keep
CATCAAGAGTCGCCAC-1,keep
CATCAAGCACTGCGAC-1,keep
CATCAAGCATCGCTAA-1,keep
CATCAAGGTATTGAGA-1,keep
CATCAAGGTCGGCCTA-1,keep
CATCAAGTCCAGTGTA-1,keep
CATCAAGTCGTGTTCC-1,keep
CATCAAGTCTCGAACA-1,keep
CATCCACAGTAGGGTC-1,keep
CATCCACAGTTGGGAC-1,keep
CATCCACGTATAGCTC-1,keep
CATCCCAAGGCATCTT-1,keep
CATCCGTAGCCTGTCG-1,keep
CATCCGTAGTGATAGT-1,keep
CATCCGTGTTAAGGGC-1,keep
CATCCGTTCGCGTGCA-1,keep
CATCCGTTCTACTATC-1,keep
CATCGCTAGTCGTTAC-1,keep
CATCGCTCAACTGGTT-1,keep
CATCGCTTCCTCTAGC-1,keep
CATCGCTTCGCTTAAG-1,keep
CATCGGGTCTATTTCG-1,keep
CATCGTCAGAATGTTG-1,keep
CATCGTCAGGTCGCCT-1,keep
CATCGTCGTCGTGATT-1,keep
CATCGTCTCTCGCGTT-1,keep
CATGAGTAGTCGGCCT-1,keep
CATGAGTTCATCGTAG-1,keep
CATGAGTTCGCAGAGA-1,keep
CATGCAAAGTGAGGCT-1,keep
CATGCAACACGGAAGT-1,keep
CATGCAAGTGGTCAAG-1,keep
CATGCAATCACTCCGT-1,keep
CATGCCTAGGAAGAAC-1,keep
CATGCCTAGGTTCTTG-1,keep
CATGCCTGTCAGATTC-1,keep
CATGCCTTCTACGGTA-1,keep
CATGCGGAGCCTGTGC-1,keep
CATGCGGAGCGCGTTC-1,keep
CATGCGGGTCGTGGAA-1,keep
CATGCGGTCGCGGTAC-1,keep
CATGCTCAGAAGTCTA-1,keep
CATGCTCGTCCCTGTT-1,keep
CATGCTCTCAGCTGAT-1,keep
CATGGATAGCAAATGT-1,keep
CATGGTAAGGCATGCA-1,keep
CATGGTAAGTGGTTCT-1,keep
CATGGTAGTGTCCCTT-1,keep
CATGGTATCCGACAGC-1,keep
CATGGTATCTCGCTTG-1,keep
CATTCATAGGCCCAAA-1,keep
CATTCATGTCCACAGC-1,keep
CATTCCGAGGAATTAC-1,keep
CATTCCGCACGGGTAA-1,keep
CATTCCGTCCCAGCGA-1,keep
CATTCTAAGACAGTCG-1,keep
CATTCTATCGAGAGAC-1,keep
CATTGAGAGTTCCATG-1,keep
CATTGAGTCTCTATGT-1,keep
CATTGCCGTTAGTTCG-1,keep
CATTGCCTCTCGAACA-1,keep
CATTGTTTCCGGTAAT-1,keep
CATTTCACACAAATCC-1,keep
CATTTCACACCAAAGG-1,keep
CATTTCATCGCTTAAG-1,keep
CATTTCATCTCATTTG-1,keep
CCAAGCGAGATTTGCC-1,keep
CCAAGCGAGTTCCATG-1,keep
CCAAGCGGTATGTCAC-1,keep
CCAAGCGGTCCACTTC-1,keep
CCAAGCGGTCGTTGGC-1,keep
CCAATGAAGAGGGCGA-1,keep
CCAATGACACATGACT-1,keep
CCAATGACAGCGCTTG-1,keep
CCAATGAGTAACAGTA-1,keep
CCAATGAGTTATGACC-1,keep
CCAATTTAGCCGTAAG-1,keep
CCAATTTTCTAATTCC-1,keep
CCACAAAAGGAAAGAC-1,keep
CCACAAACACGACGTC-1,keep
CCACAAACACTTGGGC-1,keep
CCACAAAGTCGTATTG-1,keep
CCACAAATCAACGTGT-1,keep
CCACACTCACGATAGG-1,keep
CCACACTCACGTGAGA-1,keep
CCACCATCACAAGCTT-1,keep
CCACCATCAGGTTTAC-1,keep
CCACCATCATTCACAG-1,keep
CCACCATGTCGCATTA-1,keep
CCACCATGTGGCGCTT-1,keep
CCACGAGGTACGCTAT-1,keep
CCACGAGTCAGCCCAG-1,keep
CCACGAGTCATCTCTA-1,keep
CCACGTTAGTAACAGT-1,keep
CCACGTTAGTGCACTT-1,keep
CCACGTTGTGCGTGCT-1,keep
CCACGTTTCAAGCCGC-1,keep
CCACGTTTCCGTATGA-1,keep
CCACTTGAGAATACAC-1,keep
CCACTTGAGACATGCG-1,keep
CCATAAGGTGCTGATT-1,keep
CCATAAGGTTCGTTCC-1,keep
CCATAAGTCCATACAG-1,keep
CCATCACAGCACTCTA-1,keep
CCATCACAGTCATTGC-1,keep
CCATCACCACAGCTGC-1,keep
CCATCACGTGATGGCA-1,keep
CCATCACGTTCTTGCC-1,keep
CCATCACTCCACCTCA-1,keep
CCATCACTCTCTCGCA-1,keep
CCATCACTCTGTTCAT-1,keep
CCCAACTAGAACAGGA-1,keep
CCCAACTAGTAGGATT-1,keep
CCCAACTAGTTCGGTT-1,keep
CCCAACTGTCGCTCGA-1,keep
CCCAACTGTTGTTGAC-1,keep
CCCAACTTCATGAAAG-1,keep
CCCATTGAGTAAACGT-1,keep
CCCATTGAGTTCCAGT-1,keep
CCCATTGCAAGCGATG-1,keep
CCCATTGCAATGAACA-1,keep
CCCATTGTCCCTTGGT-1,keep
CCCGAAGAGGTGGCTA-1,keep
CCCGAAGAGTTTGCTG-1,keep
CCCGAAGCAGTGCGCT-1,keep
CCCGAAGGTCTCAGAT-1,keep
CCCGAAGTCGCCTTTG-1,keep
CCCTAACTCTATACGG-1,keep
CCCTCAACAATCGCCG-1,keep
CCCTCAAGTTCTTCAT-1,keep
CCCTCAATCTCCCATG-1,keep
CCCTCTCTCACACCGG-1,keep
CCCTCTCTCGAAGCCC-1,keep
CCCTTAGAGGAGAGTA-1,keep
CCCTTAGAGTATGACA-1,keep
CCCTTAGGTCATCCCT-1,keep
CCCTTAGTCACGAGGA-1,keep
CCGAACGCAGTGGGTA-1,keep
CCGAACGTCGTCCTCA-1,keep
CCGAACGTCTACTCAT-1,keep
CCGATCTAGCTGCGAA-1,keep
CCGATCTAGTGCTCGC-1,keep
CCGATCTCATTGAAAG-1,keep
CCGATGGAGATCCCAT-1,keep
CCGATGGAGCAAGTCG-1,keep
CCGATGGTCACGATAC-1,keep
CCGCAAGAGCTCCCTT-1,keep
CCGGACAAGGATACCG-1,keep
CCGGACATCGCTACAA-1,keep
CCGGACATCTATCGTT-1,keep
CCGGGTAAGGCTCTCG-1,keep
CCGGGTATCACGGAGA-1,keep
CCGGGTATCTAGTACG-1,keep
CCGGTAGAGCCTCTTC-1,keep
CCGGTAGGTCTGCAAT-1,keep
CCGGTAGTCCAAGGGA-1,keep
CCGGTGAAGTGGTCAG-1,keep
CCGGTGACATCCTAAG-1,keep
CCGGTGAGTACGAGCA-1,keep
CCGGTGAGTCCTACAA-1,keep
CCGGTGAGTGGGATTG-1,keep
CCGGTGATCGCCTCTA-1,keep
CCGTAGGGTTAGTCGT-1,keep
CCGTAGGTCGTCCTCA-1,keep
CCGTGAGGTAGTTCCA-1,keep
CCGTGAGGTATGAGAT-1,keep
CCGTGAGGTGACGCCT-1,keep
CCGTTCAAGCTGACTT-1,keep
CCGTTCAAGTCCCAGC-1,keep
CCGTTCACACGTGTGC-1,keep
CCGTTCATCGGTCGAC-1,keep
CCTAACCGTACTAACC-1,keep
CCTAACCGTCCAGTTA-1,keep
CCTAACCTCATCGACA-1,keep
CCTAAGAAGTGCTCAT-1,keep
CCTAAGACACCCTCTA-1,keep
CCTAAGAGTCTCACAA-1,keep
CCTAAGATCGAACCAT-1,keep
CCTACGTAGCAGGGAG-1,keep
CCTACGTGTAAGGCTG-1,keep
CCTACGTTCGACACTA-1,keep
CCTACGTTCTTAATCC-1,keep
CCTATCGCACCTTCCA-1,keep
CCTCAACAGGCCATAG-1,keep
CCTCAACAGTAACAGT-1,keep
CCTCAACGTACCTTCC-1,keep
CCTCACACAATGCTCA-1,keep
CCTCACAGTTGGACTT-1,keep
CCTCAGTGTAACGTTC-1,keep
CCTCATGAGCGTTCAT-1,keep
CCTCATGAGTATGGCG-1,keep
CCTCATGGTGCACAAG-1,keep
CCTCATGTCCTTCAGC-1,keep
CCTCCAAAGACGAGCT-1,keep
CCTCCAAAGCGACTAG-1,keep
CCTCCAACAAGGGCAT-1,keep
CCTCCAACACGGCTAC-1,keep
CCTCCAACAGGAGACT-1,keep
CCTCCAACATGCCATA-1,keep
CCTCCAAGTAGACACG-1,keep
CCTCCAAGTATGCAAA-1,keep
CCTCCTCAGCTAAATG-1,keep
CCTCCTCGTCCCTAAA-1,keep
CCTCTAGAGCATTGTC-1,keep
CCTGCATCAAATTAGG-1,keep
CCTGCATCAGTCGAGA-1,keep
CCTGCATGTCTTAGTG-1,keep
CCTGTTGAGAAGCCAC-1,keep
CCTGTTGCAGTAGAAT-1,keep
CCTTCAGCAGAGAATT-1,keep
CCTTGTGAGATGTTCC-1,keep
CCTTGTGAGCGAACTG-1,keep
CCTTGTGAGCGCCTCA-1,keep
CCTTGTGAGGCGTTAG-1,keep
CCTTGTGCAGCAGATG-1,keep
CCTTGTGGTCGCAACC-1,keep
CCTTGTGTCATTGCCC-1,keep
CCTTGTGTCCATGCAA-1,keep
CCTTTGGAGCAAGTCG-1,keep
CCTTTGGTCACTGAAC-1,keep
CGAAGGACATCTATCT-1,keep
CGAAGGACATCTGTTT-1,keep
CGAAGGACATGTGCCG-1,keep
CGAAGGATCATTCATC-1,keep
CGAAGGATCGTGGGAA-1,keep
CGAAGTTCACCATTCC-1,keep
CGAATTGCAACCACGC-1,keep
CGACAGCGTATGATCC-1,keep
CGACAGCTCGGATACT-1,keep
CGAGAAGAGAAACCAT-1,keep
CGAGAAGAGCCTGTGC-1,keep
CGAGAAGAGCGGGTTA-1,keep
CGAGAAGAGGATGTTA-1,keep
CGAGAAGTCAATGCAC-1,keep
CGAGAAGTCACCATAG-1,keep
CGAGGAAGTATGGAGC-1,keep
CGAGGCTGTAAGGTCG-1,keep
CGAGGCTTCAGCTTGA-1,keep
CGAGGCTTCCATACTT-1,keep
CGAGTGCAGTTACTCG-1,keep
CGAGTGCGTACGACAG-1,keep
CGAGTGCGTAGATTAG-1,keep
CGAGTGCTCAATGTCG-1,keep
CGAGTGCTCCTAACAG-1,keep
CGAGTTACATCCTCAC-1,keep
CGAGTTATCGGTAACT-1,keep
CGATCGGCAAGCGAAC-1,keep
CGATCGGCAGCTTCGG-1,keep
CGATCGGGTCATCAGT-1,keep
CGATGCGCACGCGTCA-1,keep
CGATGCGCAGGGTCTC-1,keep
CGATGCGTCTGGCTGG-1,keep
CGATGGCCAGTCCCGA-1,keep
CGATGGCCATGTTCAG-1,keep
CGATGGCGTCCTGAAT-1,keep
CGATGGCTCGTACCTC-1,keep
CGATGGCTCTGTAACG-1,keep
CGCAGGTCATAATGCC-1,keep
CGCAGGTGTTCTCCCA-1,keep
CGCAGGTTCAGACAAA-1,keep
CGCATAAAGCCGAATG-1,keep
CGCATAAAGCGTGTTT-1,keep
CGCATAATCAGCGCAC-1,keep
CGCATGGAGACGACGT-1,keep
CGCATGGGTAAGTTAG-1,keep
CGCCAGAAGGTCGTAG-1,keep
CGCCAGACAGGAATCG-1,keep
CGCCATTCATCGCTAA-1,keep
CGCGTGACAATTCTTC-1,keep
CGCGTGATCTTAGTTC-1,keep
CGGAACCAGGTTCCGC-1,keep
CGGAACCCACTGGATT-1,keep
CGGAACCGTTGACTGT-1,keep
CGGAACCTCATCGCAA-1,keep
CGGAATTTCTGGACTA-1,keep
CGGACACAGCTGTGCC-1,keep
CGGACACTCGGCAGTC-1,keep
CGGAGAAAGACATACA-1,keep
CGGAGAACATTGACAC-1,keep
CGGAGAATCTCGTCAC-1,keep
CGGCAGTAGATCCCAT-1,keep
CGGCAGTAGGTTCCGC-1,keep
CGGCAGTCAGAGTGTG-1,keep
CGGGACTAGCGAGGAG-1,keep
CGGGACTCAGAACGCA-1,keep
CGGGACTTCGCTCATC-1,keep
CGGGCATCAAGGCCTC-1,keep
CGGGCATTCCTAACAG-1,keep
CGGGCATTCGGCTATA-1,keep
CGGGCATTCGTAGTCA-1,keep
CGGGTCACAAATTAGG-1,keep
CGGGTCACAATTGCTG-1,keep
CGGGTCACATAGATGA-1,keep
CGGGTCAGTGTCTTCC-1,keep
CGGGTGTGTAGTCTGT-1,keep
CGGGTGTTCCATCACC-1,keep
CGGTCAGCAAAGACTA-1,keep
CGTAAGTCATACATCG-1,keep
CGTAAGTTCAGTCAGT-1,keep
CGTAAGTTCGCTAATG-1,keep
CGTAATGGTAGATCGG-1,keep
CGTAATGGTCTCACAA-1,keep
CGTAATGGTTGCGGCT-1,keep
CGTAATGTCCGATAAC-1,keep
CGTAGTAAGCACTCCG-1,keep
CGTAGTAAGTCTGCAT-1,keep
CGTAGTACACACACGC-1,keep
CGTAGTACATGACTAC-1,keep
CGTCAAATCAGCTTCC-1,keep
CGTCCATCACCCTAGG-1,keep
CGTCCATGTGACCGAA-1,keep
CGTGAATCATAGCACT-1,keep
CGTGAATGTAGCGCCT-1,keep
CGTGAATGTGAGTGAC-1,keep
CGTGAATTCGTCGATA-1,keep
CGTGATAAGAACGCGT-1,keep
CGTGATAAGGTTAAAC-1,keep
CGTGATACACGCGTGT-1,keep
CGTGATACAGCCCAGT-1,keep
CGTGATACATCTGCGG-1,keep
CGTGATACATGTTTGG-1,keep
CGTGATAGTATATGGA-1,keep
CGTGCTTAGTTGCCTA-1,keep
CGTGCTTGTCGAGCAA-1,keep
CGTGCTTTCAAGCCTA-1,keep
CGTGTCTAGCAGCAGT-1,keep
CGTGTCTCACCGCTAG-1,keep
CGTGTCTCATGAATAG-1,keep
CGTGTCTCATGCTGCG-1,keep
CGTTAGAAGACCCTTA-1,keep
CGTTAGACAGATCCTA-1,keep
CGTTAGAGTCGGAAAC-1,keep
CGTTCTGAGTAAGGGA-1,keep
CGTTCTGTCACAATGC-1,keep
CGTTCTGTCCGAACGC-1,keep
CGTTGGGAGACCATTC-1,keep
CGTTGGGAGGGACTGT-1,keep
CGTTGGGCACGTAGAG-1,keep
CGTTGGGCATAACCCA-1,keep
CGTTGGGTCTCGGGAC-1,keep
CTAACCCAGCTGAGCA-1,keep
CTAACCCAGTCGAATA-1,keep
CTAACCCCACGGATCC-1,keep
CTAACCCCAGGTGTTT-1,keep
CTAACCCTCGTTCATT-1,keep
CTAACTTAGCTGAGCA-1,keep
CTAACTTAGGGTAATT-1,keep
CTAACTTCATTCAGGT-1,keep
CTAACTTCATTCTTCA-1,keep
CTAACTTTCTACACTT-1,keep
CTAAGTGAGACCATGG-1,keep
CTAAGTGAGTGGAAGA-1,keep
CTAAGTGCATCATTGG-1,keep
CTAAGTGGTAGGAGTC-1,keep
CTACAGAAGAAAGTCT-1,keep
CTACAGAAGAAATTCG-1,keep
CTACAGACAGCGGATA-1,keep
CTACAGAGTACAAGCG-1,keep
CTACAGATCAGGTGTT-1,keep
CTACATTAGAGCAGTC-1,keep
CTACATTCATCCGATA-1,keep
CTACATTGTTGCACGC-1,keep
CTACATTTCAGCTTCC-1,keep
CTACCCAGTATTGCCA-1,keep
CTACCCAGTTTCTTAC-1,keep
CTACCCATCATGCCCT-1,keep
CTACCCATCGGTTAGT-1,keep
CTACCTGCACCTCAGG-1,keep
CTACCTGGTCTAACTG-1,keep
CTACCTGTCCTTGGAA-1,keep
CTACGGGCACCGTCTT-1,keep
CTACGGGCACGATTCA-1,keep
CTACGGGCATGACAGG-1,keep
CTACGGGGTATCCTCC-1,keep
CTACGGGGTTCCACGG-1,keep
CTACTATAGCATCCCG-1,keep
CTACTATGTGTCCTAA-1,keep
CTACTATTCGTTACCC-1,keep
CTAGACACATACTGAC-1,keep
CTAGACAGTAATTAGG-1,keep
CTAGACATCTCGACCT-1,keep
CTAGGTAAGTTACGTC-1,keep
CTATAGGAGACGTCCC-1,keep
CTATAGGAGCATTTCG-1,keep
CTATAGGAGCTTCGTA-1,keep
CTATAGGCAAAGAACT-1,keep
CTATCCGAGACCAAAT-1,keep
CTATCCGAGGAACGCT-1,keep
CTATCCGAGTTCCATG-1,keep
CTATCCGAGTTTCTTC-1,keep
CTATCCGCAGATCATC-1,keep
CTATCCGTCTGTAAGC-1,keep
CTATCTAAGCTACGTT-1,keep
CTATCTACACAAGTTC-1,keep
CTATCTACACGCACCA-1,keep
CTATCTACACGTACAT-1,keep
CTATCTATCGAGATAA-1,keep
CTCAACCAGATCGCCC-1,keep
CTCAACCCAAGCTCTA-1,keep
CTCAACCCACAAAGCG-1,keep
CTCAACCCACCAGCTG-1,keep
CTCAACCCACTATCGA-1,keep
CTCAACCGTAAGACCG-1,keep
CTCAACCGTAAGGTCG-1,keep
CTCAAGAAGATGGGCT-1,keep
CTCAAGAAGGAGTACC-1,keep
CTCAAGAAGTAACGTA-1,keep
CTCAAGAGTTGCTCCT-1,keep
CTCAAGATCACACCGG-1,keep
CTCAATTCAGTCTACA-1,keep
CTCAATTGTAACCAGG-1,keep
CTCAATTGTGGTAACG-1,keep
CTCAATTTCGTAGAGG-1,keep
CTCACTGTCGGCTTGG-1,keep
CTCAGAAAGATGAAGG-1,keep
CTCAGAATCGGAAGGT-1,keep
CTCAGGGAGTCACTGT-1,keep
CTCAGGGCAAGCGAAC-1,keep
CTCAGTCAGAGCATCG-1,keep
CTCAGTCCAATATCCG-1,keep
CTCAGTCCACTCCGGA-1,keep
CTCAGTCCATACCACA-1,keep
CTCAGTCGTTTCGGCG-1,keep
CTCATCGGTCACTCAA-1,keep
CTCATCGGTGAACGGT-1,keep
CTCATCGGTTGGTAGG-1,keep
CTCATCGTCCATCCGT-1,keep
CTCATCGTCGTGCACG-1,keep
CTCATGCTCGCTGACG-1,keep
CTCATGCTCGCTGATA-1,keep
CTCCAACCACTAAACC-1,keep
CTCCAACGTACATACC-1,keep
CTCCAACGTACGACAG-1,keep
CTCCAACGTTCGTAAC-1,keep
CTCCAACTCAGCTAGT-1,keep
CTCCACAAGGGTGAAA-1,keep
CTCCACAGTAGGGTAC-1,keep
CTCCACATCATAAGGA-1,keep
CTCCATGAGCGGCTCT-1,keep
CTCCATGAGGCCCGTT-1,keep
CTCCATGCAGCTCCTT-1,keep
CTCCCAAAGGCTGGAT-1,keep
CTCCCTCGTACCATAC-1,keep
CTCCGATGTAAGATAC-1,keep
CTCCGATGTGACATCT-1,keep
CTCCGATGTGATCATC-1,keep
CTCCTCCAGCTGCCAC-1,keep
CTCCTCCGTTCGTACA-1,keep
CTCCTTTGTGAATTAG-1,keep
CTCCTTTTCAGATTGC-1,keep
CTCCTTTTCGCCGTGA-1,keep
CTCGAGGAGAACCGCA-1,keep
CTCTCAGAGCCTAACT-1,keep
CTCTCAGAGTGCAAAT-1,keep
CTCTCAGCACACGGTC-1,keep
CTCTCAGTCCTACCAC-1,keep
CTCTCGATCCCGATCT-1,keep
CTCTGGTCAAGCGCAA-1,keep
CTCTGGTCAGGCGATA-1,keep
CTCTGGTGTCAAGCCC-1,keep
CTCTGGTTCGGCTATA-1,keep
CTGAATGAGTTGAATG-1,keep
CTGAATGCACTTGGCG-1,keep
CTGAATGGTAGCTTTG-1,keep
CTGAGCGAGATGACCG-1,keep
CTGAGCGAGCCTATCA-1,keep
CTGAGCGCAACTGGTT-1,keep
CTGAGCGGTGGTAATA-1,keep
CTGAGCGTCCAAGCTA-1,keep
CTGAGGCCATATTCGG-1,keep
CTGATCCAGAATCGAT-1,keep
CTGATCCTCAGACCTA-1,keep
CTGATCCTCGAGTGAG-1,keep
CTGCATCAGCCATTCA-1,keep
CTGCATCAGTACAACA-1,keep
CTGCATCTCAATCTTC-1,keep
CTGCCATAGTAGACAT-1,keep
CTGCCATGTGCCGAAA-1,keep
CTGCCTAAGACGCAGT-1,keep
CTGCCTACAATGTTGC-1,keep
CTGCCTACAGCTGGTC-1,keep
CTGCCTACATCGCTCT-1,keep
CTGCCTAGTCACTCAA-1,keep
CTGCCTAGTCGATTTG-1,keep
CTGCCTAGTGTCTCCT-1,keep
CTGCGAGAGCGTGAGT-1,keep
CTGCGAGCAAGAGTGC-1,keep
CTGCGAGCACGGTGCT-1,keep
CTGCGAGCACTAACGT-1,keep
CTGCGAGCATAGGAGC-1,keep
CTGCGAGTCAACGAGG-1,keep
CTGCTCACAGCACAAG-1,keep
CTGCTCACATTGAGCT-1,keep
CTGCTCAGTCCGCAGT-1,keep
CTGGCAGAGGATACGC-1,keep
CTGGCAGCAACGAGGT-1,keep
CTGGCAGGTGGCAGAT-1,keep
CTGGCAGTCGCTTAAG-1,keep
CTGGTCTAGCTGTCCG-1,keep
CTGGTCTCAACCTATG-1,keep
CTGGTCTCACTGGCCA-1,keep
CTGGTCTCAGTAACGG-1,keep
CTGGTCTCATGAGATA-1,keep
CTGTACCAGAGTCTGG-1,keep
CTGTACCGTAGACGTG-1,keep
CTGTACCGTGAGTGAC-1,keep
CTGTACCTCAGGACGA-1,keep
CTGTAGACAAATACGA-1,keep
CTGTAGATCACTTTGT-1,keep
CTGTAGATCGAGATGG-1,keep
CTGTATTCAAGTTGGG-1,keep
CTGTATTGTAGCCCTG-1,keep
CTGTATTGTCAAACGG-1,keep
CTGTATTTCAGTCACA-1,keep
CTGTCGTAGCCTTTGA-1,keep
CTGTCGTCAGGCGTTC-1,keep
CTGTCGTCAGTAACAA-1,keep
CTGTCGTGTAACATAG-1,keep
CTGTCGTGTCCAAATC-1,keep
CTGTCGTTCAGTGTGT-1,keep
CTGTCGTTCTGACAGT-1,keep
CTGTGAAAGAGGATCC-1,keep
CTGTGAACACACAGAG-1,keep
CTGTGAACAGGCTATT-1,keep
CTGTGAAGTGCCTATA-1,keep
CTGTGAATCGCTGTCT-1,keep
CTGTGGGAGATGCCGA-1,keep
CTGTGGGTCTCTCTAA-1,keep
CTTACCGCAAGGATGC-1,keep
CTTACCGCATATAGCC-1,keep
CTTACCGTCCGTGACG-1,keep
CTTAGGATCGACATAC-1,keep
CTTCAATCACCAGACC-1,keep
CTTCAATGTAGAGATT-1,keep
CTTCCGACAACTGCCG-1,keep
CTTCCGAGTGGGATTG-1,keep
CTTCCGATCGGTCACG-1,keep
CTTCCGATCTGTCCGT-1,keep
CTTCCGATCTGTGCGG-1,keep
CTTCCTTCACATTGTG-1,keep
CTTCCTTGTTTGAACC-1,keep
CTTCGGTCACTGCTTC-1,keep
CTTCGGTGTGTCCCTT-1,keep
CTTCGGTTCCCTTGGT-1,keep
CTTCTAAAGCAAATGT-1,keep
CTTCTAACAAGTCCAT-1,keep
CTTCTAAGTAGTTCCA-1,keep
CTTCTAATCAGTGCGC-1,keep
CTTCTAATCCATGAGT-1,keep
CTTCTCTAGCGAACTG-1,keep
CTTCTCTCAAATACAG-1,keep
CTTCTCTGTGTGTACT-1,keep
CTTCTCTTCACTCGAA-1,keep
CTTCTCTTCCCGAGTG-1,keep
CTTCTCTTCTGAACGT-1,keep
CTTGAGAAGGAACGCT-1,keep
CTTGAGAGTTCGTACA-1,keep
CTTGAGATCGGACTTA-1,keep
CTTGATTTCACACGAT-1,keep
CTTGATTTCACTCGAA-1,keep
CTTGATTTCAGGAACG-1,keep
CTTTCAAAGTCGGGAT-1,keep
CTTTCAATCCCAGCGA-1,keep
CTTTCGGAGACTGTTC-1,keep
CTTTCGGAGGCTAACG-1,keep
CTTTCGGCAACCAACT-1,keep
CTTTCGGCAACGGGTA-1,keep
CTTTCGGGTCGCGTTG-1,keep
CTTTCGGTCAAAGAAC-1,keep
GAAACCTAGGTATCTC-1,keep
GAAATGAAGGGTCTTT-1,keep
GAAATGACAGGCTACC-1,keep
GAAATGAGTGGTCTTA-1,keep
GAACACTAGCGCTGCT-1,keep
GAACACTCAGACCAGA-1,keep
GAACACTGTGCATTAC-1,keep
GAACTGTAGTCATAGA-1,keep
GAACTGTCAGACGGAT-1,keep
GAAGAATCACAGCATT-1,keep
GAAGAATCAGAACTCT-1,keep
GAAGCCCCAGCTACAT-1,keep
GAAGCCCTCACTGATG-1,keep
GAAGCGAAGCGATGCA-1,keep
GAAGCGACAGTCTGGC-1,keep
GAAGCGATCTGGTGCG-1,keep
GAAGGACCAAGGCGTA-1,keep
GAAGGACTCCATGATG-1,keep
GAAGGGTAGACGGAAA-1,keep
GAAGGGTGTGTCATCA-1,keep
GAAGTAACATTGCTGA-1,keep
GAAGTAATCCGCGAGT-1,keep
GAATAGAAGATAACAC-1,keep
GAATAGACAATTCTTC-1,keep
GAATAGACATAATGAG-1,keep
GAATCACAGCACCTGC-1,keep
GAATCACGTAGGATAT-1,keep
GAATCGTGTGATTGGG-1,keep
GACACGCGTAGAGTTA-1,keep
GACACGCGTATGTCTG-1,keep
GACAGCCAGGCTGGAT-1,keep
GACAGCCGTGTTAAAG-1,keep
GACATCAAGGGACCAT-1,keep
GACATCAGTCGAACGA-1,keep
GACATCAGTCTTCCGT-1,keep
GACATCATCCGTGCGA-1,keep
GACCAATAGCGCCCAT-1,keep
GACCAATAGTCCCGGT-1,keep
GACCAATTCGTCTACC-1,keep
GACCCAGAGGTCCTGC-1,keep
GACCCAGGTCTCGGGT-1,keep
GACCCTTAGGGATCTG-1,keep
GACCCTTAGGTCACCC-1,keep
GACCCTTAGTAGGAAG-1,keep
GACCCTTTCAGAACCT-1,keep
GACCCTTTCCGTCAAA-1,keep
GACCGTGAGAAATTCG-1,keep
GACCGTGTCGGCTATA-1,keep
GACCTTCAGTCGCCAC-1,keep
GACCTTCCATGGGTCC-1,keep
GACCTTCGTGTTACTG-1,keep
GACCTTCTCATTGTTC-1,keep
GACGCTGAGTTACGGG-1,keep
GACGCTGTCATTGTTC-1,keep
GACGTTATCATCGTAG-1,keep
GACTATGAGCTAGTTC-1,keep
GACTATGAGGGCCTCT-1,keep
GACTATGCATATCTCT-1,keep
GACTATGCATCGGAGA-1,keep
GACTATGGTGATTAGA-1,keep
GACTATGTCAGCAGAG-1,keep
GACTATGTCGTGCATA-1,keep
GACTCAAGTTGCCGCA-1,keep
GACTCAATCAAACGTC-1,keep
GACTCAATCAACCGAT-1,keep
GACTCAATCCAGCACG-1,keep
GACTCAATCGAATCCA-1,keep
GACTCTCGTTGCTTGA-1,keep
GACTCTCTCAGACTGT-1,keep
GACTGATAGAGCATCG-1,keep
GACTGATGTCTGTGGC-1,keep
GACTGATTCGTTCCTG-1,keep
GACTTCCAGCGCGTTC-1,keep
GACTTCCAGGCCATAG-1,keep
GACTTCCTCACCGACG-1,keep
GAGACCCAGCCTGTGC-1,keep
GAGACTTAGCCATATC-1,keep
GAGAGGTTCGTTGTAG-1,keep
GAGATGGAGTCCTGTA-1,keep
GAGATGGAGTGCCTCG-1,keep
GAGATGGGTGTCCGGT-1,keep
GAGCCTGCAAAGGCAC-1,keep
GAGCCTGTCTGATTCT-1,keep
GAGCCTGTCTGTGCGG-1,keep
GAGCTGCAGGTTGGAC-1,keep
GAGCTGCCAACAGCCC-1,keep
GAGCTGCGTGAGAGGG-1,keep
GAGCTGCGTTACCGTA-1,keep
GAGCTGCTCGTGCATA-1,keep
GAGGCAAAGGTCACTT-1,keep
GAGGCAACAACGACAG-1,keep
GAGGCAACAGTCCCGA-1,keep
GAGGCCTAGTACTCGT-1,keep
GAGGCCTGTGTTAAAG-1,keep
GAGGCCTTCACCGGGT-1,keep
GAGGGATAGTAGGCCA-1,keep
GAGGGATCACGTGTGC-1,keep
GAGGGTACATACCACA-1,keep
GAGGGTACATTGCCGG-1,keep
GAGGGTAGTGAGTGAC-1,keep
GAGTCATCAGACCAGA-1,keep
GAGTCATCAGCGGTCT-1,keep
GAGTCATGTCGCAACC-1,keep
GAGTCATGTGAGGATC-1,keep
GAGTCATGTTCTCGTC-1,keep
GAGTCATTCTTGCAAG-1,keep
GAGTCTACAACACACT-1,keep
GAGTCTAGTCTTGCTC-1,keep
GAGTGAGAGGTTGAGC-1,keep
GAGTGAGCACCTCGTT-1,keep
GAGTGAGCATGGCCCA-1,keep
GAGTGAGTCTTTACAC-1,keep
GAGTGTTCAATTGAAG-1,keep
GAGTGTTCACGTCGTG-1,keep
GAGTGTTCATTGGCAT-1,keep
GAGTGTTGTGGGTCAA-1,keep
GAGTGTTTCTACTGAG-1,keep
GAGTTACCACTGCGTG-1,keep
GAGTTACTCGCCAACG-1,keep
GAGTTGTAGCATGAAT-1,keep
GAGTTGTAGTAACAGT-1,keep
GAGTTGTCAAGTGGCA-1,keep
GAGTTGTCAATAGTAG-1,keep
GAGTTGTCACCTAAAC-1,keep
GAGTTGTGTGGTACAG-1,keep
GAGTTTGAGTGGTCAG-1,keep
GAGTTTGGTAGTGTGG-1,keep
GAGTTTGGTGCGTCGT-1,keep
GATAGAAAGACTTAAG-1,keep
GATAGAAAGCCGGATA-1,keep
GATAGAATCGGCCAAC-1,keep
GATAGCTAGACGTCGA-1,keep
GATAGCTCAGCAAGAC-1,keep
GATAGCTCATTCTCTA-1,keep
GATAGCTGTCAGCTTA-1,keep
GATAGCTGTCTATGAC-1,keep
GATCAGTCACATCATG-1,keep
GATCAGTTCAGGGTAG-1,keep
GATCATGTCATAGACC-1,keep
GATCCCTAGGTCGAGT-1,keep
GATCGTAAGGCGTCCT-1,keep
GATCGTAAGTGGACGT-1,keep
GATCGTACAATCACGT-1,keep
GATCGTATCCGAGTGC-1,keep
GATCGTATCCGCAGTG-1,keep
GATGACTCATCCTGTC-1,keep
GATGACTCATGGGCAA-1,keep
GATGACTTCCGATCGG-1,keep
GATGAGGCAGCTACTA-1,keep
GATGATCTCGCATAGT-1,keep
GATGATCTCTCTGCTG-1,keep
GATGCTACACCTGATA-1,keep
GATGCTACATTCAGGT-1,keep
GATGCTAGTCTTACAG-1,keep
GATGCTAGTTTATGCG-1,keep
GATGCTATCTTGGATG-1,keep
GATGGAGCAACAAGTA-1,keep
GATGGAGCAATTCGTG-1,keep
GATGGAGGTTACCTTT-1,keep
GATGGAGGTTCAAAGA-1,keep
GATGTTGAGAAGCTCG-1,keep
GATGTTGAGCATGAAT-1,keep
GATGTTGGTTCTCAGA-1,keep
GATTCGACAGCCGGTT-1,keep
GATTCGACATTGAGGG-1,keep
GATTCGAGTATGAAGT-1,keep
GATTCGAGTGGCTAGA-1,keep
GATTCGATCCATATGG-1,keep
GATTCTTCAGACGATG-1,keep
GATTCTTGTGTGAGCA-1,keep
GATTGGTCAGGCTTGC-1,keep
GATTGGTTCCAGTACA-1,keep
GATTGGTTCGCGGACT-1,keep
GATTGGTTCGGTGTAT-1,keep
GATTTCTAGGGCAATC-1,keep
GATTTCTCAACGGCCT-1,keep
GATTTCTCAGTTTCAG-1,keep
GATTTCTGTAACCCTA-1,keep
GCAACCGCAACGACAG-1,keep
GCAACCGCAGCTTTGA-1,keep
GCAACCGCAGTATGAA-1,keep
GCAACCGTCACTTTGT-1,keep
GCACATAAGATTGCGG-1,keep
GCACATAGTAAGAACT-1,keep
GCACATATCTGACAGT-1,keep
GCACGGTCACTCTGCT-1,keep
GCACGGTCATGTGCTA-1,keep
GCACGGTTCCATTTGT-1,keep
GCACGTGAGCAACTCT-1,keep
GCACGTGAGCTGTGCC-1,keep
GCACGTGGTTAGAGTA-1,keep
GCACGTGTCCACAAGT-1,keep
GCACTAAAGACATGCG-1,keep
GCACTAAAGGGTTTCT-1,keep
GCACTAAAGTACGTCT-1,keep
GCACTAACAACGGCTC-1,keep
GCACTAAGTACGACAG-1,keep
GCACTAAGTATCGGTT-1,keep
GCACTAATCCACATAG-1,keep
GCAGCCAAGAAATGGG-1,keep
GCAGCCAAGAGTCTGG-1,keep
GCAGCCAAGCTAGCCC-1,keep
GCAGCCACATTGTCGA-1,keep
GCAGCTGAGCTCGGCT-1,keep
GCAGCTGCACTGATTG-1,keep
GCAGCTGGTGGGCTCT-1,keep
GCAGCTGGTGGTCTCG-1,keep
GCAGGCTAGTTGCCTA-1,keep
GCAGTTAGTCCAGCGT-1,keep
GCATCGGCAGAACTTC-1,keep
GCATCGGGTCACTTCC-1,keep
GCATCTCAGAAGTCAT-1,keep
GCATCTCAGTACCATC-1,keep
GCATCTCCAACAAGTA-1,keep
GCATCTCGTCGCTCGA-1,keep
GCATGATCAGGTTCGC-1,keep
GCATGATCATCTTAGG-1,keep
GCATGATGTACCAGAG-1,keep
GCATGATGTCCTGGGT-1,keep
GCATGATGTGGCACTC-1,keep
GCATTAGCACCCTAGG-1,keep
GCCAACGAGTGCACCC-1,keep
GCCAACGCACGGTGTC-1,keep
GCCAACGGTCACTCAA-1,keep
GCCAACGTCCAACTGA-1,keep
GCCAGCAAGGTATCTC-1,keep
GCCAGCAGTACAGAAT-1,keep
GCCAGGTCAGAGTGAC-1,keep
GCCAGGTGTGCCTAAT-1,keep
GCCAGGTTCATCTGTT-1,keep
GCCAGTGAGTTGCCTA-1,keep
GCCAGTGCAGACCATT-1,keep
GCCAGTGTCCGCTGTT-1,keep
GCCATGGAGTGATGGC-1,keep
GCCATGGCAGCCTATA-1,keep
GCCATTCTCGATCCCT-1,keep
GCCATTCTCTTAAGGC-1,keep
GCCCAGACAACCTATG-1,keep
GCCCAGACAGAATGTA-1,keep
GCCCAGAGTACAGTCT-1,keep
GCCCAGAGTGTAGCAG-1,keep
GCCCAGATCTATTGTC-1,keep
GCCCGAAAGCTTCTAG-1,keep
GCCCGAAGTGTTTGCA-1,keep
GCCCGAAGTTCAACGT-1,keep
GCCGATGAGCGCCTAC-1,keep
GCCGATGCACAACGAG-1,keep
GCCGATGCAGCTACCG-1,keep
GCCGATGTCATTGCTT-1,keep
GCCGTGAAGACCTTTG-1,keep
GCCGTGATCCGTGGGT-1,keep
GCCTGTTCATGATAGA-1,keep
GCCTGTTCATTCGGGC-1,keep
GCCTGTTGTTCCTACC-1,keep
GCGAGAACAGAGCTAG-1,keep
GCGAGAATCATTACTC-1,keep
GCGATCGAGATGACCG-1,keep
GCGATCGCACCTCTGT-1,keep
GCGATCGTCGACATCA-1,keep
GCGATCGTCGCTAAAC-1,keep
GCGGAAAGTCTCGACG-1,keep
GCGGATCCAAACACGG-1,keep
GCGGATCTCACTTGTT-1,keep
GCGTGCATCGCCGAGT-1,keep
GCGTTTCAGAACTCCT-1,keep
GCGTTTCAGACCTCAT-1,keep
GCGTTTCAGCTACAAA-1,keep
GCGTTTCCATGAAGCG-1,keep
GCTACAACAAGACGGT-1,keep
GCTACAAGTATGCGTT-1,keep
GCTACAAGTGCGAGTA-1,keep
GCTACAATCCGATAGT-1,keep
GCTACCTCAACAGTGG-1,keep
GCTCAAATCCACTTTA-1,keep
GCTGAATAGGCGACAT-1,keep
GCTGAATCATCATCCC-1,keep
GCTGAATGTCCTACGG-1,keep
GCTGCAGAGTCACTCA-1,keep
GCTGCAGCACCATATG-1,keep
GCTGCAGTCAGCAGAG-1,keep
GCTGGGTCACGACTAT-1,keep
GCTGGGTCAGCCCAGT-1,keep
GCTTCACGTATCGTTG-1,keep
GCTTCACTCCTTACCG-1,keep
GCTTCACTCTAGGCAT-1,keep
GCTTGGGCAACCGATT-1,keep
GCTTGGGTCAACTCTT-1,keep
GCTTTCGAGCCGTTGC-1,keep
GCTTTCGAGGACTAAT-1,keep
GCTTTCGGTGTCGCTG-1,keep
GGAACCCTCGTAGAGG-1,keep
GGAACCCTCGTGACTA-1,keep
GGAAGTGAGCGCCGTT-1,keep
GGAAGTGCAATTCACG-1,keep
GGAAGTGTCAGAGTTC-1,keep
GGAAGTGTCGTGGGTC-1,keep
GGAATCTAGCCTTTCC-1,keep
GGAATCTTCACCGCTT-1,keep
GGAATGGAGAACTTCC-1,keep
GGACGTCAGTCATCGT-1,keep
GGACGTCGTCTGTGCG-1,keep
GGACGTCTCTGGCCAG-1,keep
GGAGAACAGAGAGAAC-1,keep
GGAGAACAGTGAGGTC-1,keep
GGAGAACCAGCCTTCT-1,keep
GGAGAACCATCACAGT-1,keep
GGAGAACGTGGAAGTC-1,keep
GGAGAACTCGTGCAGC-1,keep
GGAGAACTCTCGGTCT-1,keep
GGAGATGAGTCGCGAA-1,keep
GGAGATGCAACCGTAT-1,keep
GGAGATGGTGTGTGGA-1,keep
GGAGCAAAGCAGCAGT-1,keep
GGAGCAACACATCATG-1,keep
GGAGCAACACGGCACT-1,keep
GGAGCAAGTCCTGAAT-1,keep
GGAGCAATCCCATACC-1,keep
GGAGCAATCCCGAGAC-1,keep
GGAGGATTCCCGTGAG-1,keep
GGAGGTACAGGGAGAG-1,keep
GGAGGTAGTTGACTGT-1,keep
GGATCTAAGAGTCAGC-1,keep
GGATCTAAGCAGAAAG-1,keep
GGATCTACAAACGAGC-1,keep
GGATCTAGTTAGGCCC-1,keep
GGATCTATCGAGTGAG-1,keep
GGATGTTTCTTGCAAG-1,keep
GGCACGTAGAACTGAT-1,keep
GGCAGTCCACCAAAGG-1,keep
GGCAGTCGTTCCTACC-1,keep
GGCAGTCGTTTGCAGT-1,keep
GGCAGTCTCACGGAGA-1,keep
GGCGTCAAGCTAGCCC-1,keep
GGCGTCAAGGTTACAA-1,keep
GGCGTCACACCCTGAG-1,keep
GGCGTCAGTTAGGGAC-1,keep
GGCGTCATCAGCTCTC-1,keep
GGCTGTGAGTAGACCG-1,keep
GGCTGTGCACTTGTCC-1,keep
GGCTGTGCATGACCCG-1,keep
GGCTTGGAGGGCTGAT-1,keep
GGCTTGGCAAGACCTT-1,keep
GGCTTGGCACTAAACC-1,keep
GGCTTTCCACGCGGTT-1,keep
GGCTTTCGTTCGGACC-1,keep
GGCTTTCTCTGGACCG-1,keep
GGGAAGTGTACCTATG-1,keep
GGGAAGTTCTGGCCTT-1,keep
GGGACAACAACTGTGT-1,keep
GGGACAATCGCTATTT-1,keep
GGGACAATCTCTAAGG-1,keep
GGGACCTCAGAATTCC-1,keep
GGGACCTGTAAGTTAG-1,keep
GGGACCTGTGGAAATT-1,keep
GGGACTCCAAGAAATC-1,keep
GGGACTCGTCGTAATC-1,keep
GGGACTCGTTTCGTGA-1,keep
GGGAGATCAACGACAG-1,keep
GGGAGATTCGTCAACA-1,keep
GGGAGTAAGAGTTCGG-1,keep
GGGAGTACAAGGTCAG-1,keep
GGGAGTAGTCACGTGC-1,keep
GGGAGTAGTGGTAACG-1,keep
GGGAGTATCGTTCGCT-1,keep
GGGATCCGTCGTCTCT-1,keep
GGGATCCGTTGGTAGG-1,keep
GGGATCCTCGAGTCCG-1,keep
GGGATGAAGATACGAT-1,keep
GGGATGATCCAACACA-1,keep
GGGATGATCTTCGTGC-1,keep
GGGCGTTAGATACATG-1,keep
GGGCGTTAGGCACGAT-1,keep
GGGCGTTGTCCAGCAC-1,keep
GGGCTACAGGAACTCG-1,keep
GGGCTCAAGTAACGAT-1,keep
GGGCTCACAACAAGTA-1,keep
GGGCTCACACTCTCGT-1,keep
GGGCTCACAGTCTCTC-1,keep
GGGCTCACATCGTTCC-1,keep
GGGCTCAGTAGGACCA-1,keep
GGGCTCATCCTTCAGC-1,keep
GGGTAGAAGACTACCT-1,keep
GGGTAGAAGTCACACT-1,keep
GGGTAGACACAAGCAG-1,keep
GGGTAGAGTTCCGCGA-1,keep
GGGTATTCACAGTGTT-1,keep
GGGTATTTCCGATCGG-1,keep
GGGTATTTCCGTGCGA-1,keep
GGGTCTGAGAGCAGAA-1,keep
GGGTCTGAGCTGTGCC-1,keep
GGGTCTGCACGACGCT-1,keep
GGGTCTGGTCACTACA-1,keep
GGGTCTGGTCGTACTA-1,keep
GGGTGAAAGGCACTCC-1,keep
GGGTGAAGTTGACGGA-1,keep
GGGTGTCAGATTCGAA-1,keep
GGGTGTCAGTTCCAGT-1,keep
GGGTGTCCATATGAAG-1,keep
GGGTGTCGTATGACAA-1,keep
GGGTGTCGTCTGTGTA-1,keep
GGGTGTCGTTTAGACC-1,keep
GGGTGTCTCGACACTA-1,keep
GGGTTATCAACCTATG-1,keep
GGGTTATCAGCTAACT-1,keep
GGGTTTAAGACTAGAT-1,keep
GGGTTTACATGATAGA-1,keep
GGGTTTATCCCTTTGG-1,keep
GGTAACTAGAAGATCT-1,keep
GGTAATCCATGCTGCG-1,keep
GGTAATCGTCACTCGG-1,keep
GGTAATCTCGTACACA-1,keep
GGTAGAGAGATTCGCT-1,keep
GGTAGAGAGTTTCTTC-1,keep
GGTAGAGTCCAAGCTA-1,keep
GGTAGAGTCGATACGT-1,keep
GGTCACGTCGCTTTAT-1,keep
GGTCACGTCGTACCTC-1,keep
GGTCTGGAGCTCCATA-1,keep
GGTCTGGCAGCCTTCT-1,keep
GGTGAAGAGTCACACT-1,keep
GGTGAAGCACAGTCAT-1,keep
GGTGAAGCAGAGGACT-1,keep
GGTGATTAGGTCGTCC-1,keep
GGTGATTAGGTTACCT-1,keep
GGTGATTTCGCTCTCA-1,keep
GGTGATTTCTCTCTTC-1,keep
GGTGGCTAGTCACTGT-1,keep
GGTGGCTGTACACGCC-1,keep
GGTGTCGGTGTTACAC-1,keep
GGTGTCGTCCCAGTGG-1,keep
GGTGTCGTCCTAACAG-1,keep
GGTGTCGTCTCTGGTC-1,keep
GGTGTTAAGTAATCCC-1,keep
GGTGTTAGTTCAAGTC-1,keep
GGTGTTATCGATACTG-1,keep
GGTGTTATCTGCCTGT-1,keep
GGTTAACGTAGAATGT-1,keep
GGTTAACGTGCATGAG-1,keep
GGTTAACGTTGCATGT-1,keep
GGTTAACTCCAGTACA-1,keep
GGTTAACTCCGTGCGA-1,keep
GGTTCTCCAAGTATCC-1,keep
GGTTCTCGTCGTTCAA-1,keep
GGTTGTACACGCAGTC-1,keep
GGTTGTACACTTCATT-1,keep
GGTTGTAGTATGGAAT-1,keep
GGTTGTAGTCGTCAGC-1,keep
GGTTGTATCGTCGGGT-1,keep
GTAACACAGTCCCAAT-1,keep
GTAACACAGTGCTACT-1,keep
GTAACCATCAGCACCG-1,keep
GTAACCATCCACACAA-1,keep
GTAACCATCTTCGCTG-1,keep
GTAAGTCAGGCAATGC-1,keep
GTAAGTCCAAGAAATC-1,keep
GTAAGTCCACTTACAG-1,keep
GTAAGTCCAGGCTTGC-1,keep
GTAAGTCCAGTCAGAG-1,keep
GTAAGTCGTCGTCGGT-1,keep
GTAAGTCTCATGGCCG-1,keep
GTAATCGAGTCATGGG-1,keep
GTAATCGGTACTGGGA-1,keep
GTAATCGTCACCCTCA-1,keep
GTAATGCCAGACAATA-1,keep
GTAATGCCATGGGTTT-1,keep
GTAATGCGTCATGGCC-1,keep
GTACAGTCACTACTTT-1,keep
GTACAGTTCAAAGGTA-1,keep
GTACAGTTCGAACGCC-1,keep
GTACAGTTCTGCTTAT-1,keep
GTAGAAACAAGAGTTA-1,keep
GTAGAAAGTGCATTAC-1,keep
GTAGAAATCTCGACGG-1,keep
GTAGAGGAGGTGTGAC-1,keep
GTAGAGGCAAGTGGTG-1,keep
GTAGAGGTCGCGGTAC-1,keep
GTAGATCCATATGGCT-1,keep
GTAGATCTCGGCACTG-1,keep
GTAGCTACAGAAGTGC-1,keep
GTAGCTATCGAACTCA-1,keep
GTAGCTATCTAAGCCA-1,keep
GTAGGAGAGAGGGTGG-1,keep
GTAGGAGAGCGTTAGG-1,keep
GTAGGAGCAGAAATCA-1,keep
GTAGGAGTCATTGTTC-1,keep
GTAGGAGTCGCTACGG-1,keep
GTAGGTTGTAGGACCA-1,keep
GTAGGTTGTGCAAGAC-1,keep
GTAGTACCAAATCCCA-1,keep
GTAGTACCACTAGAGG-1,keep
GTAGTACCAGTTTGGT-1,keep
GTAGTACGTGAGAACC-1,keep
GTAGTACGTTATGGTC-1,keep
GTATTGGAGATGCGAC-1,keep
GTATTTCAGGTCGTCC-1,keep
GTATTTCTCGGCATAT-1,keep
GTCAAACTCTTGAACG-1,keep
GTCAAGTGTACTGTTG-1,keep
GTCACGGAGGTTCTTG-1,keep
GTCACGGCAAAGACTA-1,keep
GTCACTCGTACAAGTA-1,keep
GTCACTCGTAGGAGGG-1,keep
GTCACTCGTAGGGTAC-1,keep
GTCACTCGTTGTCATG-1,keep
GTCACTCTCGATGCTA-1,keep
GTCAGCGGTACTCAAC-1,keep
GTCAGCGTCTTGTTAC-1,keep
GTCATCCCAAGATTGA-1,keep
GTCATCCGTTAGAGAT-1,keep
GTCATCCTCACCGACG-1,keep
GTCATCCTCTACCAGA-1,keep
GTCATGAAGTCCCTAA-1,keep
GTCATGAGTCGTGTTA-1,keep
GTCATGAGTTAGAAAC-1,keep
GTCATTTAGTGGTCAG-1,keep
GTCATTTCAGCTGTTA-1,keep
GTCATTTCATTCCTCG-1,keep
GTCATTTGTTTACTTC-1,keep
GTCATTTTCCTGCTAC-1,keep
GTCCACTCAGGTTCGC-1,keep
GTCCACTTCTGTCGTC-1,keep
GTCCTCAGTAGCTTAC-1,keep
GTCCTCATCTCGAACA-1,keep
GTCGAATTCCGCGAGT-1,keep
GTCGCGACAAGCCATT-1,keep
GTCGCGAGTTCAAACC-1,keep
GTCGCGATCAAGCGTT-1,keep
GTCGCGATCAGCAATC-1,keep
GTCGTAATCATTACCT-1,keep
GTCGTTCTCACCCATC-1,keep
GTCTACCCAATCGCAT-1,keep
GTCTACCGTCTTCGAA-1,keep
GTCTACCGTGGCTGAA-1,keep
GTCTACCTCAGAGCAG-1,keep
GTCTACCTCGGTGTTA-1,keep
GTCTAGACACTGATTG-1,keep
GTCTAGACAGTCGCTG-1,keep
GTCTAGAGTCGAGTTT-1,keep
GTCTAGAGTCGATTTG-1,keep
GTCTAGAGTGTGATGG-1,keep
GTCTAGATCTAGCATG-1,keep
GTCTCACCAGAACTTC-1,keep
GTCTCACCATGTGCCG-1,keep
GTCTCACCATTCTCCG-1,keep
GTCTCACGTGATAGAT-1,keep
GTCTCACTCGAGAACG-1,keep
GTCTGTCTCATTACTC-1,keep
GTCTTTAAGGCCTGCT-1,keep
GTCTTTAAGGGCAGAG-1,keep
GTCTTTAAGGTAGTAT-1,keep
GTCTTTAGTCGCCTAG-1,keep
GTGACGCAGCAGGCAT-1,keep
GTGACGCCACTCTAGA-1,keep
GTGACGCGTATCTTCT-1,keep
GTGACGCGTTTACCAG-1,keep
GTGACGCTCCGTGACG-1,keep
GTGAGCCCACCAGTTA-1,keep
GTGAGCCGTTCTGACA-1,keep
GTGAGGACAGATACTC-1,keep
GTGAGTTCAAGTCATC-1,keep
GTGAGTTGTCACTAGT-1,keep
GTGATGTCAGTTGGTT-1,keep
GTGATGTGTCGCGTCA-1,keep
GTGATGTTCCGGCAGT-1,keep
GTGCACGGTCAAGTTC-1,keep
GTGCACGTCATCACTT-1,keep
GTGCACGTCGGCACTG-1,keep
GTGCAGCCATTCTGTT-1,keep
GTGCGTGAGGCTAAAT-1,keep
GTGCGTGGTGGCATCC-1,keep
GTGCTGGAGCAGGCAT-1,keep
GTGCTGGCACGGCTAC-1,keep
GTGCTGGCAGCGAACA-1,keep
GTGCTGGCATCCGTTC-1,keep
GTGCTGGGTACCACGC-1,keep
GTGCTTCCAACGGGTA-1,keep
GTGCTTCCAGCATCTA-1,keep
GTGGAAGAGTGGGAAA-1,keep
GTGGAAGGTGAGACCA-1,keep
GTGGAAGGTGAGACGT-1,keep
GTGGAAGGTTACGGAG-1,keep
GTGGAAGTCAAAGGAT-1,keep
GTGGAGAAGCTGACAG-1,keep
GTGGAGACAAGAGGTC-1,keep
GTGGAGAGTCAGCTTA-1,keep
GTGGAGAGTCGTTCAA-1,keep
GTGGAGAGTGATACAA-1,keep
GTGGCGTAGCACTGGA-1,keep
GTGGCGTAGCGACTGA-1,keep
GTGGCGTCATCAGCGC-1,keep
GTGGCGTCATGTGGTT-1,keep
GTGGCGTTCTGCGGCA-1,keep
GTGGGAACAGAGGTTG-1,keep
GTGGTTAAGTATGCAA-1,keep
GTGTAACAGTGCACCC-1,keep
GTGTAACCAAATGCTC-1,keep
GTGTAACCACAAATCC-1,keep
GTGTAACGTGAGTAAT-1,keep
GTGTCCTCATAGAATG-1,keep
GTGTCCTGTAACTAAG-1,keep
GTGTCCTGTTGCGGCT-1,keep
GTGTGATAGTGGACTG-1,keep
GTGTGATTCGATGCAT-1,keep
GTGTGGCCAACCTATG-1,keep
GTGTGGCGTCGCATGC-1,keep
GTGTGGCTCTAGTGTG-1,keep
GTGTTAGCAGGTACGA-1,keep
GTGTTAGGTAGAGATT-1,keep
GTGTTAGGTAGCTGTT-1,keep
GTGTTCCCAGGTTCGC-1,keep
GTGTTCCCAGTCGGAA-1,keep
GTGTTCCGTGACATCT-1,keep
GTGTTCCGTTCGAGCC-1,keep
GTGTTCCGTTCTCGTC-1,keep
GTGTTCCTCAGAGTGG-1,keep
GTTACAGAGATGAATC-1,keep
GTTACAGAGTGCGTCC-1,keep
GTTACAGCATCGTCCT-1,keep
GTTACAGGTATCCCAA-1,keep
GTTACAGGTCTGCAAT-1,keep
GTTACAGGTGATCATC-1,keep
GTTACAGTCAAAGAAC-1,keep
GTTACCCAGGAATGTT-1,keep
GTTACCCCAATAGTAG-1,keep
GTTACCCGTACTAGCT-1,keep
GTTAGACGTGTTCCAA-1,keep
GTTAGTGAGGATGAGA-1,keep
GTTCATTTCAGCCCAG-1,keep
GTTCCGTGTGGCCACT-1,keep
GTTCCGTTCATTACGG-1,keep
GTTCCGTTCCTGGCTT-1,keep
GTTCCGTTCTCCTACG-1,keep
GTTCGCTCAACCGATT-1,keep
GTTCGCTGTATCAGGG-1,keep
GTTCGCTGTCTTTATC-1,keep
GTTCGCTGTTGCCAAT-1,keep
GTTCGCTGTTTACACG-1,keep
GTTCTATTCATCTGTT-1,keep
GTTGAACAGCTTAAGA-1,keep
GTTGAACCAGATTAAG-1,keep
GTTGAACTCGCGTAGC-1,keep
GTTGCGGAGAGGTCAC-1,keep
GTTGCGGCAAGTTCCA-1,keep
GTTGCGGCACGAAAGC-1,keep
GTTGCGGTCCTCAGGG-1,keep
GTTGCTCGTAACAGTA-1,keep
GTTGCTCGTAGATCCT-1,keep
GTTGCTCTCCATCACC-1,keep
GTTGCTCTCGCCGAAC-1,keep
GTTGTAGAGAACCGCA-1,keep
GTTGTAGCAGGTCAGA-1,keep
GTTGTAGCAGTAGTTC-1,keep
GTTGTAGGTCTCGGAC-1,keep
GTTGTAGTCGGACCAC-1,keep
GTTGTCCAGTGGTTCT-1,keep
GTTGTCCCATCCTATT-1,keep
GTTGTGAAGCGTGCCT-1,keep
GTTGTGACAACGCATT-1,keep
GTTTACTGTCTTTCAT-1,keep
GTTTACTTCAACTGGT-1,keep
GTTTACTTCTTCACAT-1,keep
GTTTACTTCTTGAGCA-1,keep
GTTTGGAGTATGAGGC-1,keep
GTTTGGATCCGATGCG-1,keep
TAACACGAGAGATCGC-1,keep
TAACACGAGCTAAGTA-1,keep
TAACCAGAGAAAGTCT-1,keep
TAACCAGAGGTTGGAC-1,keep
TAACCAGAGTGGTTGG-1,keep
TAACCAGGTATGGAAT-1,keep
TAACGACCAAGAGGTC-1,keep
TAACGACTCATGCTAG-1,keep
TAACGACTCGTCAACA-1,keep
TAACGACTCTTACGGA-1,keep
TAACTTCCATAGTCAC-1,keep
TAACTTCGTCTTCCGT-1,keep
TAACTTCGTGCAAGAC-1,keep
TAACTTCTCATCCTAT-1,keep
TAAGCACAGGTGCATG-1,keep
TAAGCACCACTTGGCG-1,keep
TAAGCACGTGCCTTCT-1,keep
TAAGCCAAGGATGAGA-1,keep
TAAGCCATCCCTCGAT-1,keep
TAAGCCATCCGTAGGC-1,keep
TAAGCGTCAAATCGTC-1,keep
TAAGCGTCAGAGTGTG-1,keep
TAATCTCCAAGGTCTT-1,keep
TAATCTCTCGTTCTCG-1,keep
TAATTCCCAATGTTGC-1,keep
TAATTCCGTGAGTTTC-1,keep
TAATTCCGTGGATCAG-1,keep
TAATTCCTCGGATAAA-1,keep
TAATTCCTCTCAACGA-1,keep
TACAACGCACACCTAA-1,keep
TACAACGGTGTCATTG-1,keep
TACAACGTCAGTGGGA-1,keep
TACACCCAGACGGATC-1,keep
TACACCCAGCAACTTC-1,keep
TACACCCCAATGACCT-1,keep
TACAGGTAGTGCTAGG-1,keep
TACAGGTGTCTAGGTT-1,keep
TACAGGTGTTACGCCG-1,keep
TACAGGTTCTCCGATC-1,keep
TACATTCAGTTGTAGA-1,keep
TACATTCCAAGTGGGT-1,keep
TACATTCGTCAACATC-1,keep
TACATTCTCCTGCTAC-1,keep
TACCCACAGGCTCCCA-1,keep
TACCCACGTCATCACA-1,keep
TACCCACTCGCAACAT-1,keep
TACCCGTCACCGTGCA-1,keep
TACCCGTGTGAATAAC-1,keep
TACCGAAAGTGCTCGC-1,keep
TACCGAATCCATTTAC-1,keep
TACCGGGAGCCGAACA-1,keep
TACCGGGAGGGTTAAT-1,keep
TACCGGGCATACAGGG-1,keep
TACCGGGTCACGAGGA-1,keep
TACCGGGTCCACACAA-1,keep
TACCGGGTCTGACCCT-1,keep
TACCTCGAGTCACTAC-1,keep
TACCTCGCACCCTATC-1,keep
TACCTCGCACCTGCTT-1,keep
TACCTCGCAGCGTACC-1,keep
TACCTCGGTTCAACGT-1,keep
TACCTCGTCTGTGCAA-1,keep
TACCTGCCACAGTGTT-1,keep
TACCTGCCAGAGTTGG-1,keep
TACCTGCGTAGGTGCA-1,keep
TACGCTCAGGGACTGT-1,keep
TACGCTCCAAACTGCT-1,keep
TACGCTCTCGCATGAT-1,keep
TACGGGCCACTTGGGC-1,keep
TACGGTAAGCCTTCTC-1,keep
TACGGTAAGTTGTCAC-1,keep
TACGGTACATGTGCTA-1,keep
TACGTCCAGCGATGGT-1,keep
TACGTCCGTGAATTAG-1,keep
TACTGCCGTCCAAGAG-1,keep
TACTGCCTCAGACCCG-1,keep
TACTGCCTCCTGGTCT-1,keep
TACTTACAGCCGTTGC-1,keep
TACTTACCACGCGCTA-1,keep
TACTTACCAGGTCCCA-1,keep
TACTTACGTGAGCGAT-1,keep
TACTTACGTGGAACCA-1,keep
TACTTACGTTCAGGTT-1,keep
TACTTCAAGCTGCCAC-1,keep
TACTTCACACTTGAGT-1,keep
TACTTCATCCTACGGG-1,keep
TACTTGTAGGCATCGA-1,keep
TACTTGTCAGAGTAAT-1,keep
TACTTGTGTCCCAAAT-1,keep
TAGACCAGTATACCCA-1,keep
TAGACCAGTCGTGATT-1,keep
TAGACTGAGCTGGAGT-1,keep
TAGACTGCAGTGTGCC-1,keep
TAGACTGGTCGGCTAC-1,keep
TAGACTGTCATTACGG-1,keep
TAGAGTCAGCGAGGAG-1,keep
TAGAGTCTCAAGAAAC-1,keep
TAGAGTCTCTTTGCGC-1,keep
TAGATCGAGATCACTC-1,keep
TAGATCGAGCGTTCCG-1,keep
TAGATCGTCCGGACGT-1,keep
TAGCACAAGTTGTAGA-1,keep
TAGCACACAAACTGCT-1,keep
TAGCACACAATGAACA-1,keep
TAGCACATCACTGAAC-1,keep
TAGCACATCCTAGCGG-1,keep
TAGCACATCTATCGCC-1,keep
TAGCACATCTATGTGG-1,keep
TAGGAGGAGAACGTGC-1,keep
TAGGAGGCAGATCCAT-1,keep
TAGGAGGCAGCGTGAA-1,keep
TAGGAGGGTGCCTGAC-1,keep
TAGGAGGGTGTCTTAG-1,keep
TAGGAGGGTTTACGAC-1,keep
TAGGGTTCAATCACGT-1,keep
TAGGGTTCAGCAGTGA-1,keep
TAGGGTTGTCCGACGT-1,keep
TAGGGTTTCATTCGGA-1,keep
TAGGTACAGCTGTACT-1,keep
TAGGTACCACAACGAG-1,keep
TAGGTACCACGTACAT-1,keep
TAGGTACTCTCGCGTT-1,keep
TAGGTTGAGTTCATGC-1,keep
TAGTGCAAGGTCATCT-1,keep
TAGTGCACAACGGGTA-1,keep
TAGTGCAGTCGGCCTA-1,keep
TAGTGCATCAGACATC-1,keep
TAGTGCATCTACAGGT-1,keep
TATACCTAGATGGTCG-1,keep
TATACCTGTGGTTCTA-1,keep
TATATCCTCAGACCTA-1,keep
TATCAGGAGTATGCAA-1,keep
TATCAGGGTACGTGTT-1,keep
TATCAGGGTTGCCGAC-1,keep
TATCCTACAAATGGTA-1,keep
TATCCTACAGAGCTAG-1,keep
TATCCTACAGGGTCTC-1,keep
TATCCTAGTCAAACGG-1,keep
TATCCTAGTGCTCGTG-1,keep
TATCCTATCACTGATG-1,keep
TATCCTATCTGAGAAA-1,keep
TATCGCCAGAATCGCG-1,keep
TATCGCCGTCCTGTTC-1,keep
TATCTGTAGGCCACCT-1,keep
TATCTTGTCAACGCTA-1,keep
TATGTTCAGCAGATAT-1,keep
TATGTTCAGCTCGGCT-1,keep
TATGTTCCACCCTAGG-1,keep
TATGTTCTCAACTGAC-1,keep
TATTCCAAGTACAGAT-1,keep
TATTCCACAACTGGTT-1,keep
TATTCCACACGCGGTT-1,keep
TATTCCAGTGCGGATA-1,keep
TATTCCATCATGGGAG-1,keep
TATTCCATCTCATTTG-1,keep
TATTGCTAGCACTCAT-1,keep
TATTGCTAGGGATCGT-1,keep
TATTGCTCACGCTATA-1,keep
TATTGCTTCACACCCT-1,keep
TATTGGGCATCGCTAA-1,keep
TATTGGGTCGCACTCT-1,keep
TATTTCGAGAGTCACG-1,keep
TATTTCGTCCTCATAT-1,keep
TCAAGACCAGAACTAA-1,keep
TCAAGCAAGATGTTGA-1,keep
TCAAGCATCCGAGGCT-1,keep
TCAAGCATCCGATTAG-1,keep
TCAAGTGCAGGGAGAG-1,keep
TCAAGTGGTAGCTCGC-1,keep
TCAAGTGTCGCCTAGG-1,keep
TCAATCTAGGTCCGAA-1,keep
TCAATCTTCTTCGACC-1,keep
TCAATTCGTGACCGTC-1,keep
TCAATTCTCGGTCGAC-1,keep
TCACAAGGTGTCCAAT-1,keep
TCACAAGTCGTGAGAG-1,keep
TCACACCAGCGATGAC-1,keep
TCACACCCAGGCGTTC-1,keep
TCACACCGTAAGGCTG-1,keep
TCACACCTCGCATTGA-1,keep
TCACATTCACTGTCGG-1,keep
TCACGCTCACCCTTAC-1,keep
TCACGCTTCCCTTCCC-1,keep
TCACGCTTCCGCAACG-1,keep
TCACGGGAGTAAACAC-1,keep
TCACGGGCAGTCAGTT-1,keep
TCACGGGCATTGACCA-1,keep
TCACGGGTCTTCTAAC-1,keep
TCACTATCAATGAAAC-1,keep
TCACTATTCAGACCCG-1,keep
TCACTCGGTCATCGCG-1,keep
TCACTCGGTGCCCGTA-1,keep
TCACTCGGTTTGGAAA-1,keep
TCACTCGTCCGTCCTA-1,keep
TCACTCGTCTGTGCAA-1,keep
TCAGCAAAGAACTCCT-1,keep
TCAGCAAAGGCTCTAT-1,keep
TCAGCAAGTCGCTTGG-1,keep
TCAGCCTCAAGACTGG-1,keep
TCAGCCTGTAAGAACT-1,keep
TCAGCCTGTTAGCGGA-1,keep
TCAGGGCAGATTAGCA-1,keep
TCAGGTAAGATGGCGT-1,keep
TCAGGTACATCCTTCG-1,keep
TCAGGTACATGAGATA-1,keep
TCAGGTAGTATAGCTC-1,keep
TCAGGTAGTTGTGCAT-1,keep
TCAGGTATCAGGTAAA-1,keep
TCAGGTATCATGGCCG-1,keep
TCAGTCCTCGGATAAA-1,keep
TCAGTTTCAACGACTT-1,keep
TCAGTTTGTTCGGTCG-1,keep
TCAGTTTTCTTACCGC-1,keep
TCATACTCACAGACGA-1,keep
TCATACTCAGAGGCTA-1,keep
TCATATCAGACCGCCT-1,keep
TCATATCTCCATTCGC-1,keep
TCATCATCAAGGCTTT-1,keep
TCATCATCACCCAATA-1,keep
TCATCATCATCTGTTT-1,keep
TCATCCGCAAGAGGTC-1,keep
TCATCCGTCTCACGAA-1,keep
TCATGAGCAGAGAAAG-1,keep
TCATGCCTCCTTGAAG-1,keep
TCATGGAAGTATGACA-1,keep
TCATGGAGTAGACGGT-1,keep
TCATGGAGTAGCTTAC-1,keep
TCATGTTGTGGTCTGC-1,keep
TCATGTTGTGTACATC-1,keep
TCATTACCAATACCCA-1,keep
TCATTACGTCTGTGCG-1,keep
TCATTACTCGACCACG-1,keep
TCATTCAGTACGTGAG-1,keep
TCATTCAGTGTCTCCT-1,keep
TCATTGTCACGCGGTT-1,keep
TCATTGTCAGACAATA-1,keep
TCATTTGCAACAGATA-1,keep
TCATTTGCAGCTACAT-1,keep
TCATTTGGTCAACGCC-1,keep
TCATTTGTCGACATAC-1,keep
TCCACCAGTCTAGTGT-1,keep
TCCACGTCACAATGCT-1,keep
TCCAGAAAGTTGTCGT-1,keep
TCCAGAACACAGTCGC-1,keep
TCCAGAATCGATACGT-1,keep
TCCATCGGTGCCTACG-1,keep
TCCCACAAGCTAGAAT-1,keep
TCCCACAAGTGTACAA-1,keep
TCCCATGAGGGTGAGG-1,keep
TCCCATGCAGGTCCGT-1,keep
TCCCATGTCCACCCTA-1,keep
TCCGATCCACGCTATA-1,keep
TCCGATCCAGAGTGTG-1,keep
TCCGATCCATAGAATG-1,keep
TCCGATCGTAGGTAGC-1,keep
TCCGATCGTGTTATCG-1,keep
TCCGGGAAGGTTACAA-1,keep
TCCGGGAGTACCAATC-1,keep
TCCGTGTTCACCTTAT-1,keep
TCCGTGTTCAGCCTTC-1,keep
TCCTAATGTCCAAAGG-1,keep
TCCTCCCAGCGCAATG-1,keep
TCCTCCCGTGACATCT-1,keep
TCCTCCCGTGTTGACT-1,keep
TCCTCGAAGTTGAATG-1,keep
TCCTCGAGTAGACGTG-1,keep
TCCTCTTCAAAGCTCT-1,keep
TCCTGCAAGATAGTGT-1,keep
TCCTGCAAGATCCTAC-1,keep
TCCTGCAAGGCCTGCT-1,keep
TCCTGCACACGTACAT-1,keep
TCCTGCAGTGACTAAA-1,keep
TCCTGCAGTGTCACAT-1,keep
TCCTGCATCATCACTT-1,keep
TCCTTTCAGACTCAAA-1,keep
TCCTTTCAGGGCTTCC-1,keep
TCCTTTCCAGACTCTA-1,keep
TCCTTTCGTAGTATAG-1,keep
TCGAACAAGCACCAGA-1,keep
TCGAACAAGTGCAAAT-1,keep
TCGAAGTTCATCCCGT-1,keep
TCGAAGTTCTTTGATC-1,keep
TCGACCTGTTAAGAAC-1,keep
TCGACGGAGCAACAAT-1,keep
TCGACGGAGCCATATC-1,keep
TCGACGGAGCTGGCCT-1,keep
TCGACGGAGGTTGGTG-1,keep
TCGATTTAGTCCGCGT-1,keep
TCGATTTCACGGTGAA-1,keep
TCGATTTCAGTAGATA-1,keep
TCGATTTTCTCATGGA-1,keep
TCGCAGGGTCGTGATT-1,keep
TCGCAGGTCTATCCAT-1,keep
TCGCTCATCTCCACTG-1,keep
TCGCTCATCTCTCCGA-1,keep
TCGCTTGAGATGGCGT-1,keep
TCGCTTGCAGAGACTG-1,keep
TCGCTTGCAGGAATAT-1,keep
TCGCTTGGTCACATTG-1,keep
TCGCTTGTCCTATTTG-1,keep
TCGCTTGTCGGTCGGT-1,keep
TCGGATACAACACGAG-1,keep
TCGGATACAACACTAC-1,keep
TCGGATATCTATTGTC-1,keep
TCGGATATCTCGCTTG-1,keep
TCGGGACAGATGTTGA-1,keep
TCGGGACAGGGACTGT-1,keep
TCGGGACCACGTTCGG-1,keep
TCGGGACGTTCGGCTG-1,keep
TCGGGCAAGCAAATGT-1,keep
TCGGGCAGTCAAGGCA-1,keep
TCGGGCATCATCACAG-1,keep
TCGGGTGAGTAACGAT-1,keep
TCGGGTGTCGACCAAT-1,keep
TCGGTCTAGCGCACAA-1,keep
TCGGTCTGTAGCTTGT-1,keep
TCGGTCTGTTCTCCCA-1,keep
TCGTCCAAGCCGATAG-1,keep
TCGTCCAGTGTGTGTT-1,keep
TCGTCCAGTTGTCAGT-1,keep
TCGTGGGGTATTGGCT-1,keep
TCGTGGGGTCGAAGCA-1,keep
TCGTGGGGTCGGCTAC-1,keep
TCTAACTAGCACGATG-1,keep
TCTAACTAGGTAAAGG-1,keep
TCTAACTTCCCGGTAG-1,keep
TCTAACTTCTCAACCC-1,keep
TCTAACTTCTTCTAAC-1,keep
TCTACATAGACCATGG-1,keep
TCTACATAGACGCCCT-1,keep
TCTACATAGCGCAATG-1,keep
TCTACATAGGAACATT-1,keep
TCTACATCACTAACCA-1,keep
TCTACATGTGGCTGAA-1,keep
TCTACCGAGATAGCAT-1,keep
TCTACCGAGGTCACCC-1,keep
TCTACCGCACGCGCAT-1,keep
TCTACCGGTTCTTGCC-1,keep
TCTACCGTCATCTGTT-1,keep
TCTACCGTCTATCGTT-1,keep
TCTATACCAATGAAAC-1,keep
TCTATACCAGGGCTTC-1,keep
TCTATCACATGGGATG-1,keep
TCTATCATCGTCAGAT-1,keep
TCTCAGCCAACAGCCC-1,keep
TCTCAGCGTTCGTAAC-1,keep
TCTCAGCTCCCGAGGT-1,keep
TCTCCGAAGACTGTTC-1,keep
TCTCCGACAACAAGTA-1,keep
TCTCTGGCAAACTAGA-1,keep
TCTCTGGCAGCCGTTG-1,keep
TCTCTGGGTAGCCAGA-1,keep
TCTCTGGGTCTTTATC-1,keep
TCTCTGGTCGACATCA-1,keep
TCTGCCATCACTACGA-1,keep
TCTGGCTAGCGGTATG-1,keep
TCTGGCTCATGAAGCG-1,keep
TCTGGCTTCCGAAATC-1,keep
TCTGTCGAGAAGGATG-1,keep
TCTGTCGTCGCTCTAC-1,keep
TCTTAGTAGATAGCAT-1,keep
TCTTAGTAGTCACTGT-1,keep
TCTTAGTCACTCTGCT-1,keep
TCTTCCTTCACCTACC-1,keep
TCTTCCTTCTCCGATC-1,keep
TCTTGCGCAGGCTACC-1,keep
TCTTGCGTCAGCTTCC-1,keep
TCTTTGATCTAAGCCA-1,keep
TGAACGTAGTTGTAGA-1,keep
TGAACGTCAAATTAGG-1,keep
TGAACGTCAGATTAAG-1,keep
TGAACGTTCACCTCGT-1,keep
TGAACGTTCCAGCACG-1,keep
TGAATGCGTAGTGCGA-1,keep
TGAATGCGTTAATGAG-1,keep
TGACAGTAGAAGGTAG-1,keep
TGACAGTAGAATCTAG-1,keep
TGACAGTAGACATACA-1,keep
TGACAGTTCAGGACAG-1,keep
TGACAGTTCCTAACAG-1,keep
TGACAGTTCCTTTAGT-1,keep
TGACAGTTCGCTACGG-1,keep
TGACCCTAGAGTGACC-1,keep
TGACCCTAGCGATTCT-1,keep
TGACCCTAGCGTTCCG-1,keep
TGACCCTAGCTTTGTG-1,keep
TGACCCTGTAACAGGC-1,keep
TGACCCTTCATTACTC-1,keep
TGACCCTTCCAGCAAT-1,keep
TGACGCGGTATGCGTT-1,keep
TGACGCGTCGCGAAGA-1,keep
TGACTCCGTGATCGTT-1,keep
TGACTCCTCGTTAGTG-1,keep
TGAGACTCAATAGAGT-1,keep
TGAGACTGTCAGGTAG-1,keep
TGAGACTTCTAGACAC-1,keep
TGAGCATAGGCTTCCG-1,keep
TGAGCATTCGTCGCTT-1,keep
TGAGCGCAGACTGGGT-1,keep
TGAGCGCCAAGCGAAC-1,keep
TGAGCGCGTATGAGCG-1,keep
TGAGGAGAGTATGATG-1,keep
TGAGGAGCAATTTCGG-1,keep
TGAGGAGCATGAGATA-1,keep
TGAGGAGTCGCTACGG-1,keep
TGAGGGACACTCCGGA-1,keep
TGAGGGACATGGCCAC-1,keep
TGAGGTTCAACGACAG-1,keep
TGAGGTTTCGATTGAC-1,keep
TGAGTCAAGGCATTTC-1,keep
TGAGTCAAGGTGTGAC-1,keep
TGAGTCAAGTCTTCCC-1,keep
TGAGTCAGTTACAGCT-1,keep
TGATCAGGTATGGAGC-1,keep
TGATCAGTCAGGGTAG-1,keep
TGATCTTAGGAGATAG-1,keep
TGATCTTCATAGAATG-1,keep
TGATCTTGTTCGGTTA-1,keep
TGATCTTTCTTCGGTC-1,keep
TGATGCAAGTTGAAGT-1,keep
TGATGCACAATAGTCC-1,keep
TGATGCACAGCAATTC-1,keep
TGATGCACAGCTTCGG-1,keep
TGATGGTTCAAACCTG-1,keep
TGATTCTAGAAGTCTA-1,keep
TGATTCTAGCCTAACT-1,keep
TGATTCTCAATAGTCC-1,keep
TGATTCTGTGAATTAG-1,keep
TGATTCTGTGATGTAA-1,keep
TGATTTCAGATGGGCT-1,keep
TGATTTCAGTCAGCCC-1,keep
TGATTTCAGTCATGCT-1,keep
TGCACGGAGTCATACC-1,keep
TGCACGGTCCCGAGGT-1,keep
TGCACGGTCCTACGGG-1,keep
TGCAGATCACCGAATT-1,keep
TGCAGATGTAGCTTAC-1,keep
TGCAGGCGTAGCGCCT-1,keep
TGCAGGCGTTGGTGTT-1,keep
TGCAGGCTCTGCCTGT-1,keep
TGCAGTAAGGAAAGTG-1,keep
TGCAGTAAGGGTTAGC-1,keep
TGCAGTATCCACAGCG-1,keep
TGCAGTATCCACAGGC-1,keep
TGCATCCCAATTGCGT-1,keep
TGCATGAAGAGAACCC-1,keep
TGCATGAGTGAGGATC-1,keep
TGCATGATCATACGAC-1,keep
TGCCGAGAGGGTAGCT-1,keep
TGCCGAGCACTGGCGT-1,keep
TGCCGAGCATGTGGCC-1,keep
TGCCGAGTCGGTCATA-1,keep
TGCGACGAGCACCTGC-1,keep
TGCGACGCAATTGCGT-1,keep
TGCGATATCGATTCCC-1,keep
TGCGGCACAATAGTGA-1,keep
TGCGGGTGTAGGCTGA-1,keep
TGCTCCACAGCGTACC-1,keep
TGCTCCAGTCTCTCAC-1,keep
TGCTCCAGTTACACAC-1,keep
TGCTCGTCAAACAGGC-1,keep
TGCTGAACACTCATAG-1,keep
TGCTGAAGTATCACCA-1,keep
TGCTTCGAGCTCAGAG-1,keep
TGCTTGCGTCGCGTCA-1,keep
TGCTTGCTCTATACTC-1,keep
TGGAACTGTCTTGCGG-1,keep
TGGAGAGAGGAACGTC-1,keep
TGGAGGAAGCCGCTTG-1,keep
TGGAGGACAACCGCCA-1,keep
TGGAGGAGTTCTTAGG-1,keep
TGGAGGATCTGGGTCG-1,keep
TGGATCAGTGATACTC-1,keep
TGGATGTAGGCTCTAT-1,keep
TGGCGTGAGAATTCAG-1,keep
TGGCGTGAGACCCGCT-1,keep
TGGCGTGGTCGAATTC-1,keep
TGGGAAGAGCGTTCAT-1,keep
TGGGAAGAGGATTCAA-1,keep
TGGGAAGCAAGCTACT-1,keep
TGGGAAGCACTGATTG-1,keep
TGGGAGAAGTTGTACC-1,keep
TGGGAGACAGGACTAG-1,keep
TGGGAGATCTGGACCG-1,keep
TGGGATTCAGCGGATA-1,keep
TGGGCGTGTAGGTAGC-1,keep
TGGGCGTGTATGAGCG-1,keep
TGGGCGTTCAATCTCT-1,keep
TGGGCTGAGGCATGGT-1,keep
TGGGCTGAGTGACCTT-1,keep
TGGGCTGCACGCTGAC-1,keep
TGGGCTGGTAACATGA-1,keep
TGGGCTGTCAAACGTC-1,keep
TGGGTTACAAGACAAT-1,keep
TGGGTTACAGTTGTTG-1,keep
TGGGTTAGTTTGAACC-1,keep
TGGTACAAGTCGTCTA-1,keep
TGGTACAGTTTGACAC-1,keep
TGGTAGTAGAGTGACC-1,keep
TGGTAGTAGCGCCATC-1,keep
TGGTGATCACCCGTAG-1,keep
TGGTTAGAGGTTTACC-1,keep
TGGTTAGAGTGCCTCG-1,keep
TGTAACGGTTGCTCAA-1,keep
TGTAACGTCCTTATCA-1,keep
TGTAAGCAGAAATCCA-1,keep
TGTAAGCAGGTGAGCT-1,keep
TGTAAGCAGTCCGCGT-1,keep
TGTAAGCCAGTTTGGT-1,keep
TGTACAGAGGCCTTGC-1,keep
TGTACAGCAGATAAAC-1,keep
TGTACAGGTGTGTTTG-1,keep
TGTACAGTCAAGCCGC-1,keep
TGTAGACAGGCCACTC-1,keep
TGTAGACTCGCATTGA-1,keep
TGTCAGAAGAAGCGCT-1,keep
TGTCAGACAGTGAGCA-1,keep
TGTCAGAGTCTGCCTT-1,keep
TGTCCACAGCAACAGC-1,keep
TGTCCCAAGGCAGTCA-1,keep
TGTCCCAAGTGACACG-1,keep
TGTCCCAGTCAGTCCG-1,keep
TGTGAGTGTCGTGGTC-1,keep
TGTGATGGTCTTGCGG-1,keep
TGTGCGGAGCTGACCC-1,keep
TGTGCGGAGGCCACTC-1,keep
TGTGCGGCATACACCA-1,keep
TGTGCGGGTGCCCACA-1,keep
TGTGCGGTCCCGAGGT-1,keep
TGTGCGGTCTATCCAT-1,keep
TGTGGCGAGACATAAC-1,keep
TGTGGCGTCAAAGGAT-1,keep
TGTGTGAAGACCAGCA-1,keep
TGTGTGAAGTGATCGG-1,keep
TGTGTGACACAACGTT-1,keep
TGTGTGAGTGCCCTTT-1,keep
TGTTACTTCAGCGTCG-1,keep
TGTTACTTCATTTGTC-1,keep
TGTTACTTCTAGCCAA-1,keep
TGTTCATGTTGTATGC-1,keep
TGTTCCGAGACATAGT-1,keep
TGTTCCGGTGATAGAT-1,keep
TGTTCCGGTGTGAGCA-1,keep
TGTTCTAGTCCAGCAC-1,keep
TGTTCTAGTGTTGCCG-1,keep
TGTTGAGAGCGGGTAT-1,keep
TGTTGAGCATACAGAA-1,keep
TGTTGAGGTAGCGATG-1,keep
TGTTGGACATGGACAG-1,keep
TGTTTGTAGAGGACTC-1,keep
TGTTTGTAGAGTTGCG-1,keep
TGTTTGTCACAACGAG-1,keep
TGTTTGTTCTCATGCC-1,keep
TTAATCCCAAATGCTC-1,keep
TTAATCCCAGCAATTC-1,keep
TTAATCCGTGGTAATA-1,keep
TTAATCCTCCGATTAG-1,keep
TTAATCCTCGTGCGAC-1,keep
TTACAGGAGGATTTGA-1,keep
TTACAGGCACTCCGAG-1,keep
TTACAGGTCTCGTCGT-1,keep
TTACCATAGTGCACAG-1,keep
TTACCATCACGACCTG-1,keep
TTACCATGTTGATCGT-1,keep
TTACCGCAGCTGCGAA-1,keep
TTACCGCTCTACTGCC-1,keep
TTACGCCAGCAATAGT-1,keep
TTACGCCCAACTTCTT-1,keep
TTACGCCCATCGGAGA-1,keep
TTACGCCTCCTTCGAC-1,keep
TTACGCCTCTAATTCC-1,keep
TTACGTTAGAGGTTAT-1,keep
TTACGTTCATACTGAC-1,keep
TTACGTTTCGATTTCT-1,keep
TTACTGTAGGAAAGTG-1,keep
TTACTGTAGGTATCTC-1,keep
TTACTGTCAGGCTCTG-1,keep
TTACTGTCAGTAGAGC-1,keep
TTACTGTGTTAGAAAC-1,keep
TTAGGCAGTACGTGAG-1,keep
TTAGGGTAGCGATGGT-1,keep
TTAGGGTAGGATACAT-1,keep
TTAGGGTTCCCTCTAG-1,keep
TTAGTCTAGGATCACG-1,keep
TTAGTCTCAGACCAGA-1,keep
TTAGTCTTCACCATCC-1,keep
TTATTGCAGGCTCCCA-1,keep
TTATTGCAGGTAGATT-1,keep
TTATTGCAGTGGTTCT-1,keep
TTATTGCCAATTTCGG-1,keep
TTATTGCCACACAGAG-1,keep
TTATTGCGTCGCTTGG-1,keep
TTCAATCAGAAACTGT-1,keep
TTCAATCAGCTGTTCA-1,keep
TTCAATCGTAACAAGT-1,keep
TTCAATCGTGAAGCTG-1,keep
TTCACCGAGGATTTCC-1,keep
TTCACCGCAGCTCGGT-1,keep
TTCACGCTCCGTTGAA-1,keep
TTCAGGACACCAGTTA-1,keep
TTCATGTCAACGGGTA-1,keep
TTCATGTGTGGAGGTT-1,keep
TTCATGTGTTCATCTT-1,keep
TTCATTGAGCATGAAT-1,keep
TTCATTGGTCACATTG-1,keep
TTCATTGTCCATCGTC-1,keep
TTCCAATAGCACACCC-1,keep
TTCCAATAGCTGAGCA-1,keep
TTCCAATCAGAACATA-1,keep
TTCCAATCAGTTGGTT-1,keep
TTCCAATTCAACTCTT-1,keep
TTCCAATTCTGCAGCG-1,keep
TTCCACGAGCTGGAGT-1,keep
TTCCACGAGGGTCACA-1,keep
TTCCACGCAATTCGTG-1,keep
TTCCACGCACAGCCAC-1,keep
TTCCACGCACGGATCC-1,keep
TTCCACGGTAGAAACT-1,keep
TTCCACGGTGGTCAAG-1,keep
TTCCACGTCATTCTTG-1,keep
TTCCACGTCGACGACC-1,keep
TTCCACGTCTTACCAT-1,keep
TTCCGGTCATTCAGCA-1,keep
TTCCGGTTCATTGAGC-1,keep
TTCCGTGCACCGTGCA-1,keep
TTCCGTGCAGAGATGC-1,keep
TTCCGTGGTGGCCCAT-1,keep
TTCCGTGTCGTGTTCC-1,keep
TTCCTAACACCGGAAA-1,keep
TTCCTAACAGCAGTTT-1,keep
TTCCTAACAGGCACAA-1,keep
TTCCTAACATTCACCC-1,keep
TTCCTAATCAGACCGC-1,keep
TTCCTCTAGACTACGG-1,keep
TTCCTCTGTACAATAG-1,keep
TTCCTCTGTACCCGCA-1,keep
TTCCTCTTCCACACAA-1,keep
TTCCTTCGTTAAGACA-1,keep
TTCGATTGTACAATAG-1,keep
TTCGATTGTCTGTTAG-1,keep
TTCGCTGAGGTATTGA-1,keep
TTCGCTGCAGTGCCTG-1,keep
TTCGCTGGTAGACTGG-1,keep
TTCGGTCTCGGTTAGT-1,keep
TTCTAACGTGATGTAA-1,keep
TTCTAACTCTGCGAGC-1,keep
TTCTAGTGTGTGGACA-1,keep
TTCTAGTTCCACAGGC-1,keep
TTCTCTCAGCAGCAGT-1,keep
TTCTCTCCAAGCGAAC-1,keep
TTCTCTCCATACCATG-1,keep
TTCTCTCGTCGCAGTC-1,keep
TTCTCTCTCTCCCTAG-1,keep
TTCTGTAAGAGATCGC-1,keep
TTCTTCCAGGCCCGTT-1,keep
TTCTTCCGTTCAGCTA-1,keep
TTCTTCCTCTCTCCGA-1,keep
TTCTTGAAGCCGTTGC-1,keep
TTCTTGATCCTAAGTG-1,keep
TTCTTGATCGCCCAGA-1,keep
TTGAACGGTCCCTAAA-1,keep
TTGACCCCAAAGTATG-1,keep
TTGAGTGAGGGAGGCA-1,keep
TTGAGTGCATCCCACT-1,keep
TTGAGTGCATGAGGGT-1,keep
TTGAGTGGTCACGCTG-1,keep
TTGAGTGGTTGGGATG-1,keep
TTGATGGCAGCACAAG-1,keep
TTGATGGTCCAGCCTT-1,keep
TTGATGGTCGTGCAGC-1,keep
TTGCATTAGCAACTCT-1,keep
TTGCATTCAAATACGA-1,keep
TTGCATTCATTAAGCC-1,keep
TTGCATTGTACGTAGG-1,keep
TTGCATTTCTCTGCTG-1,keep
TTGCCTGAGGACACTG-1,keep
TTGCCTGAGGTAATCA-1,keep
TTGCCTGCAGAACCGA-1,keep
TTGCCTGCAGCTCATA-1,keep
TTGCCTGGTACGGGAT-1,keep
TTGCCTGTCCATTGCC-1,keep
TTGCGTCAGACGTCCC-1,keep
TTGCGTCCATTCAGCA-1,keep
TTGCGTCGTTGGGATG-1,keep
TTGCTGCAGACAGCGT-1,keep
TTGCTGCTCGGATAAA-1,keep
TTGCTGCTCTACAGGT-1,keep
TTGGATGCAGCAGGAT-1,keep
TTGGGATCAGAACTAA-1,keep
TTGGGCGCACATATCG-1,keep
TTGGGCGGTACCGTCG-1,keep
TTGGGCGTCGCCGTGA-1,keep
TTGGGTAAGACATGCG-1,keep
TTGGGTACACTGAGGA-1,keep
TTGGGTATCGATGCTA-1,keep
TTGGTTTAGAAATTCG-1,keep
TTGGTTTGTACAGTCT-1,keep
TTGGTTTGTATTCCTT-1,keep
TTGTGGACATACACCA-1,keep
TTGTGTTCACACTTAG-1,keep
TTGTGTTCAGAGCGTA-1,keep
TTGTGTTCAGGTCAAG-1,keep
TTGTGTTGTTCTAACG-1,keep
TTGTGTTTCCCGATCT-1,keep
TTGTTCAAGAGAGCAA-1,keep
TTGTTCACAATCAAGA-1,keep
TTGTTCATCTGAGAAA-1,keep
TTGTTGTCACACAGAG-1,keep
TTGTTGTGTTCCCAAA-1,keep
TTGTTTGAGAATACAC-1,keep
TTGTTTGAGGTTTACC-1,keep
TTGTTTGCATGATGCT-1,keep
TTTACGTGTCATGCAT-1,keep
TTTACGTGTCTTTCTA-1,keep
TTTACTGAGAGGTCAC-1,keep
TTTACTGAGTATCCTG-1,keep
TTTACTGCATTGCCGG-1,keep
TTTAGTCAGTTACGTC-1,keep
TTTAGTCCAGTAGGAC-1,keep
TTTAGTCTCGACGATT-1,keep
TTTATGCAGCAAGGAA-1,keep
TTTATGCCATTGGATC-1,keep
TTTATGCGTAGACAAT-1,keep
TTTATGCGTAGTTCCA-1,keep
TTTATGCTCGGAACTT-1,keep
TTTATGCTCGTTAGTG-1,keep
TTTCACAAGACGGTTG-1,keep
TTTCACAGTTCCCACT-1,keep
TTTCACATCTAACACG-1,keep
TTTCAGTAGCAACAAT-1,keep
TTTCAGTGTGATTGGG-1,keep
TTTCAGTGTTCGGGTC-1,keep
TTTCAGTTCTATCACT-1,keep
TTTCATGAGAGATCGC-1,keep
TTTCATGTCAGCTCTC-1,keep
TTTCCTCGTATCGCAT-1,keep
TTTCCTCTCCGAAATC-1,keep
TTTCCTCTCGCGATCG-1,keep
TTTCGATAGTGAGGTC-1,keep
TTTCGATGTAGGATAT-1,keep
TTTGACTCATCTATCT-1,keep
TTTGATCTCAGCGCGT-1,keep
TTTGATCTCTATCCAT-1,keep
TTTGGAGAGCAATAAC-1,keep
TTTGGAGCAGCGGATA-1,keep
TTTGGAGCATCAGCAT-1,keep
TTTGGAGGTACTGCGC-1,keep
TTTGGAGTCCGGTTCT-1,keep
TTTGGTTAGAAGCCAC-1,keep
TTTGGTTCACAGTCAT-1,keep
TTTGGTTCAGGCGATA-1,keep
TTTGGTTGTTATCTTC-1,keep
TTTGGTTGTTGTCATG-1,keep
TTTGTTGCACCGTCTT-1,keep
TTTGTTGGTTCGTAAC-1,keep
